--
-- PostgreSQL database dump
--

-- Dumped from database version 17.4
-- Dumped by pg_dump version 17.4

SET statement_timeout = 0;
SET lock_timeout = 0;
SET idle_in_transaction_session_timeout = 0;
SET transaction_timeout = 0;
SET client_encoding = 'UTF8';
SET standard_conforming_strings = on;
SELECT pg_catalog.set_config('search_path', '', false);
SET check_function_bodies = false;
SET xmloption = content;
SET client_min_messages = warning;
SET row_security = off;

SET default_tablespace = '';

SET default_table_access_method = heap;

--
-- Name: accounts_user; Type: TABLE; Schema: public; Owner: postgres
--

CREATE TABLE public.accounts_user (
    id bigint NOT NULL,
    password character varying(128) NOT NULL,
    last_login timestamp with time zone,
    is_superuser boolean NOT NULL,
    username character varying(150) NOT NULL,
    is_staff boolean NOT NULL,
    is_active boolean NOT NULL,
    date_joined timestamp with time zone NOT NULL,
    role character varying(20) NOT NULL,
    "position" character varying(100),
    group_id bigint,
    name character varying(255) NOT NULL,
    student_number character varying(20),
    email character varying(254)
);


ALTER TABLE public.accounts_user OWNER TO postgres;

--
-- Name: accounts_user_groups; Type: TABLE; Schema: public; Owner: postgres
--

CREATE TABLE public.accounts_user_groups (
    id bigint NOT NULL,
    user_id bigint NOT NULL,
    group_id integer NOT NULL
);


ALTER TABLE public.accounts_user_groups OWNER TO postgres;

--
-- Name: accounts_user_groups_id_seq; Type: SEQUENCE; Schema: public; Owner: postgres
--

ALTER TABLE public.accounts_user_groups ALTER COLUMN id ADD GENERATED BY DEFAULT AS IDENTITY (
    SEQUENCE NAME public.accounts_user_groups_id_seq
    START WITH 1
    INCREMENT BY 1
    NO MINVALUE
    NO MAXVALUE
    CACHE 1
);


--
-- Name: accounts_user_id_seq; Type: SEQUENCE; Schema: public; Owner: postgres
--

ALTER TABLE public.accounts_user ALTER COLUMN id ADD GENERATED BY DEFAULT AS IDENTITY (
    SEQUENCE NAME public.accounts_user_id_seq
    START WITH 1
    INCREMENT BY 1
    NO MINVALUE
    NO MAXVALUE
    CACHE 1
);


--
-- Name: accounts_user_user_permissions; Type: TABLE; Schema: public; Owner: postgres
--

CREATE TABLE public.accounts_user_user_permissions (
    id bigint NOT NULL,
    user_id bigint NOT NULL,
    permission_id integer NOT NULL
);


ALTER TABLE public.accounts_user_user_permissions OWNER TO postgres;

--
-- Name: accounts_user_user_permissions_id_seq; Type: SEQUENCE; Schema: public; Owner: postgres
--

ALTER TABLE public.accounts_user_user_permissions ALTER COLUMN id ADD GENERATED BY DEFAULT AS IDENTITY (
    SEQUENCE NAME public.accounts_user_user_permissions_id_seq
    START WITH 1
    INCREMENT BY 1
    NO MINVALUE
    NO MAXVALUE
    CACHE 1
);


--
-- Name: adminpanel_group; Type: TABLE; Schema: public; Owner: postgres
--

CREATE TABLE public.adminpanel_group (
    id bigint NOT NULL,
    name character varying(100) NOT NULL,
    student_count integer NOT NULL,
    CONSTRAINT adminpanel_group_student_count_check CHECK ((student_count >= 0))
);


ALTER TABLE public.adminpanel_group OWNER TO postgres;

--
-- Name: adminpanel_group_id_seq; Type: SEQUENCE; Schema: public; Owner: postgres
--

ALTER TABLE public.adminpanel_group ALTER COLUMN id ADD GENERATED BY DEFAULT AS IDENTITY (
    SEQUENCE NAME public.adminpanel_group_id_seq
    START WITH 1
    INCREMENT BY 1
    NO MINVALUE
    NO MAXVALUE
    CACHE 1
);


--
-- Name: adminpanel_subject; Type: TABLE; Schema: public; Owner: postgres
--

CREATE TABLE public.adminpanel_subject (
    id bigint NOT NULL,
    name character varying(100) NOT NULL
);


ALTER TABLE public.adminpanel_subject OWNER TO postgres;

--
-- Name: adminpanel_subject_id_seq; Type: SEQUENCE; Schema: public; Owner: postgres
--

ALTER TABLE public.adminpanel_subject ALTER COLUMN id ADD GENERATED BY DEFAULT AS IDENTITY (
    SEQUENCE NAME public.adminpanel_subject_id_seq
    START WITH 1
    INCREMENT BY 1
    NO MINVALUE
    NO MAXVALUE
    CACHE 1
);


--
-- Name: adminpanel_teachingassignment; Type: TABLE; Schema: public; Owner: postgres
--

CREATE TABLE public.adminpanel_teachingassignment (
    id bigint NOT NULL,
    group_id bigint NOT NULL,
    subject_id bigint NOT NULL,
    teacher_id bigint NOT NULL
);


ALTER TABLE public.adminpanel_teachingassignment OWNER TO postgres;

--
-- Name: adminpanel_teachingassignment_id_seq; Type: SEQUENCE; Schema: public; Owner: postgres
--

ALTER TABLE public.adminpanel_teachingassignment ALTER COLUMN id ADD GENERATED BY DEFAULT AS IDENTITY (
    SEQUENCE NAME public.adminpanel_teachingassignment_id_seq
    START WITH 1
    INCREMENT BY 1
    NO MINVALUE
    NO MAXVALUE
    CACHE 1
);


--
-- Name: attendances; Type: TABLE; Schema: public; Owner: postgres
--

CREATE TABLE public.attendances (
    id integer NOT NULL,
    lesson_id integer NOT NULL,
    student_id integer NOT NULL,
    status character varying NOT NULL,
    CONSTRAINT attendances_status_check CHECK (((status)::text = ANY (ARRAY[('present'::character varying)::text, ('absent'::character varying)::text, ('late'::character varying)::text, ('excused'::character varying)::text])))
);


ALTER TABLE public.attendances OWNER TO postgres;

--
-- Name: attendances_id_seq; Type: SEQUENCE; Schema: public; Owner: postgres
--

CREATE SEQUENCE public.attendances_id_seq
    AS integer
    START WITH 1
    INCREMENT BY 1
    NO MINVALUE
    NO MAXVALUE
    CACHE 1;


ALTER SEQUENCE public.attendances_id_seq OWNER TO postgres;

--
-- Name: attendances_id_seq; Type: SEQUENCE OWNED BY; Schema: public; Owner: postgres
--

ALTER SEQUENCE public.attendances_id_seq OWNED BY public.attendances.id;


--
-- Name: auth_group; Type: TABLE; Schema: public; Owner: postgres
--

CREATE TABLE public.auth_group (
    id integer NOT NULL,
    name character varying(150) NOT NULL
);


ALTER TABLE public.auth_group OWNER TO postgres;

--
-- Name: auth_group_id_seq; Type: SEQUENCE; Schema: public; Owner: postgres
--

ALTER TABLE public.auth_group ALTER COLUMN id ADD GENERATED BY DEFAULT AS IDENTITY (
    SEQUENCE NAME public.auth_group_id_seq
    START WITH 1
    INCREMENT BY 1
    NO MINVALUE
    NO MAXVALUE
    CACHE 1
);


--
-- Name: auth_group_permissions; Type: TABLE; Schema: public; Owner: postgres
--

CREATE TABLE public.auth_group_permissions (
    id bigint NOT NULL,
    group_id integer NOT NULL,
    permission_id integer NOT NULL
);


ALTER TABLE public.auth_group_permissions OWNER TO postgres;

--
-- Name: auth_group_permissions_id_seq; Type: SEQUENCE; Schema: public; Owner: postgres
--

ALTER TABLE public.auth_group_permissions ALTER COLUMN id ADD GENERATED BY DEFAULT AS IDENTITY (
    SEQUENCE NAME public.auth_group_permissions_id_seq
    START WITH 1
    INCREMENT BY 1
    NO MINVALUE
    NO MAXVALUE
    CACHE 1
);


--
-- Name: auth_permission; Type: TABLE; Schema: public; Owner: postgres
--

CREATE TABLE public.auth_permission (
    id integer NOT NULL,
    name character varying(255) NOT NULL,
    content_type_id integer NOT NULL,
    codename character varying(100) NOT NULL
);


ALTER TABLE public.auth_permission OWNER TO postgres;

--
-- Name: auth_permission_id_seq; Type: SEQUENCE; Schema: public; Owner: postgres
--

ALTER TABLE public.auth_permission ALTER COLUMN id ADD GENERATED BY DEFAULT AS IDENTITY (
    SEQUENCE NAME public.auth_permission_id_seq
    START WITH 1
    INCREMENT BY 1
    NO MINVALUE
    NO MAXVALUE
    CACHE 1
);


--
-- Name: comments; Type: TABLE; Schema: public; Owner: postgres
--

CREATE TABLE public.comments (
    id integer NOT NULL,
    lesson_id integer NOT NULL,
    author_id integer NOT NULL,
    text text NOT NULL,
    "timestamp" timestamp without time zone DEFAULT CURRENT_TIMESTAMP
);


ALTER TABLE public.comments OWNER TO postgres;

--
-- Name: comments_id_seq; Type: SEQUENCE; Schema: public; Owner: postgres
--

CREATE SEQUENCE public.comments_id_seq
    AS integer
    START WITH 1
    INCREMENT BY 1
    NO MINVALUE
    NO MAXVALUE
    CACHE 1;


ALTER SEQUENCE public.comments_id_seq OWNER TO postgres;

--
-- Name: comments_id_seq; Type: SEQUENCE OWNED BY; Schema: public; Owner: postgres
--

ALTER SEQUENCE public.comments_id_seq OWNED BY public.comments.id;


--
-- Name: communication_channel; Type: TABLE; Schema: public; Owner: postgres
--

CREATE TABLE public.communication_channel (
    id bigint NOT NULL,
    name character varying(100) NOT NULL,
    description text NOT NULL,
    created_at timestamp with time zone NOT NULL,
    created_by_id bigint,
    max_participants integer NOT NULL,
    updated_at timestamp with time zone NOT NULL,
    CONSTRAINT communication_channel_max_participants_check CHECK ((max_participants >= 0))
);


ALTER TABLE public.communication_channel OWNER TO postgres;

--
-- Name: communication_channel_groups_allowed; Type: TABLE; Schema: public; Owner: postgres
--

CREATE TABLE public.communication_channel_groups_allowed (
    id bigint NOT NULL,
    channel_id bigint NOT NULL,
    group_id bigint NOT NULL
);


ALTER TABLE public.communication_channel_groups_allowed OWNER TO postgres;

--
-- Name: communication_channel_groups_allowed_id_seq; Type: SEQUENCE; Schema: public; Owner: postgres
--

ALTER TABLE public.communication_channel_groups_allowed ALTER COLUMN id ADD GENERATED BY DEFAULT AS IDENTITY (
    SEQUENCE NAME public.communication_channel_groups_allowed_id_seq
    START WITH 1
    INCREMENT BY 1
    NO MINVALUE
    NO MAXVALUE
    CACHE 1
);


--
-- Name: communication_channel_id_seq; Type: SEQUENCE; Schema: public; Owner: postgres
--

ALTER TABLE public.communication_channel ALTER COLUMN id ADD GENERATED BY DEFAULT AS IDENTITY (
    SEQUENCE NAME public.communication_channel_id_seq
    START WITH 1
    INCREMENT BY 1
    NO MINVALUE
    NO MAXVALUE
    CACHE 1
);


--
-- Name: communication_channel_participants; Type: TABLE; Schema: public; Owner: postgres
--

CREATE TABLE public.communication_channel_participants (
    id bigint NOT NULL,
    channel_id bigint NOT NULL,
    user_id bigint NOT NULL
);


ALTER TABLE public.communication_channel_participants OWNER TO postgres;

--
-- Name: communication_channel_participants_id_seq; Type: SEQUENCE; Schema: public; Owner: postgres
--

ALTER TABLE public.communication_channel_participants ALTER COLUMN id ADD GENERATED BY DEFAULT AS IDENTITY (
    SEQUENCE NAME public.communication_channel_participants_id_seq
    START WITH 1
    INCREMENT BY 1
    NO MINVALUE
    NO MAXVALUE
    CACHE 1
);


--
-- Name: communication_message; Type: TABLE; Schema: public; Owner: postgres
--

CREATE TABLE public.communication_message (
    id bigint NOT NULL,
    content text NOT NULL,
    "timestamp" timestamp with time zone NOT NULL,
    channel_id bigint NOT NULL,
    sender_id bigint NOT NULL,
    uploaded_file_id bigint
);


ALTER TABLE public.communication_message OWNER TO postgres;

--
-- Name: communication_message_id_seq; Type: SEQUENCE; Schema: public; Owner: postgres
--

ALTER TABLE public.communication_message ALTER COLUMN id ADD GENERATED BY DEFAULT AS IDENTITY (
    SEQUENCE NAME public.communication_message_id_seq
    START WITH 1
    INCREMENT BY 1
    NO MINVALUE
    NO MAXVALUE
    CACHE 1
);


--
-- Name: communication_notification; Type: TABLE; Schema: public; Owner: postgres
--

CREATE TABLE public.communication_notification (
    id bigint NOT NULL,
    title character varying(255) NOT NULL,
    message text NOT NULL,
    image character varying(2048) NOT NULL,
    created_at timestamp with time zone NOT NULL,
    group_id bigint
);


ALTER TABLE public.communication_notification OWNER TO postgres;

--
-- Name: communication_notification_id_seq; Type: SEQUENCE; Schema: public; Owner: postgres
--

ALTER TABLE public.communication_notification ALTER COLUMN id ADD GENERATED BY DEFAULT AS IDENTITY (
    SEQUENCE NAME public.communication_notification_id_seq
    START WITH 1
    INCREMENT BY 1
    NO MINVALUE
    NO MAXVALUE
    CACHE 1
);


--
-- Name: communication_stream; Type: TABLE; Schema: public; Owner: postgres
--

CREATE TABLE public.communication_stream (
    id bigint NOT NULL,
    has_video boolean NOT NULL,
    has_audio boolean NOT NULL,
    has_webcam boolean NOT NULL,
    created_at timestamp with time zone NOT NULL,
    updated_at timestamp with time zone NOT NULL,
    channel_id bigint NOT NULL,
    user_id bigint NOT NULL,
    is_muted_by_admin boolean NOT NULL,
    is_speaking boolean NOT NULL
);


ALTER TABLE public.communication_stream OWNER TO postgres;

--
-- Name: communication_stream_id_seq; Type: SEQUENCE; Schema: public; Owner: postgres
--

ALTER TABLE public.communication_stream ALTER COLUMN id ADD GENERATED BY DEFAULT AS IDENTITY (
    SEQUENCE NAME public.communication_stream_id_seq
    START WITH 1
    INCREMENT BY 1
    NO MINVALUE
    NO MAXVALUE
    CACHE 1
);


--
-- Name: communication_uploadedfile; Type: TABLE; Schema: public; Owner: postgres
--

CREATE TABLE public.communication_uploadedfile (
    id bigint NOT NULL,
    file_name character varying(255) NOT NULL,
    file_type character varying(20) NOT NULL,
    path character varying(512) NOT NULL,
    uploaded_at timestamp with time zone NOT NULL,
    user_id bigint
);


ALTER TABLE public.communication_uploadedfile OWNER TO postgres;

--
-- Name: communication_uploadedfile_id_seq; Type: SEQUENCE; Schema: public; Owner: postgres
--

ALTER TABLE public.communication_uploadedfile ALTER COLUMN id ADD GENERATED BY DEFAULT AS IDENTITY (
    SEQUENCE NAME public.communication_uploadedfile_id_seq
    START WITH 1
    INCREMENT BY 1
    NO MINVALUE
    NO MAXVALUE
    CACHE 1
);


--
-- Name: django_admin_log; Type: TABLE; Schema: public; Owner: postgres
--

CREATE TABLE public.django_admin_log (
    id integer NOT NULL,
    action_time timestamp with time zone NOT NULL,
    object_id text,
    object_repr character varying(200) NOT NULL,
    action_flag smallint NOT NULL,
    change_message text NOT NULL,
    content_type_id integer,
    user_id bigint NOT NULL,
    CONSTRAINT django_admin_log_action_flag_check CHECK ((action_flag >= 0))
);


ALTER TABLE public.django_admin_log OWNER TO postgres;

--
-- Name: django_admin_log_id_seq; Type: SEQUENCE; Schema: public; Owner: postgres
--

ALTER TABLE public.django_admin_log ALTER COLUMN id ADD GENERATED BY DEFAULT AS IDENTITY (
    SEQUENCE NAME public.django_admin_log_id_seq
    START WITH 1
    INCREMENT BY 1
    NO MINVALUE
    NO MAXVALUE
    CACHE 1
);


--
-- Name: django_content_type; Type: TABLE; Schema: public; Owner: postgres
--

CREATE TABLE public.django_content_type (
    id integer NOT NULL,
    app_label character varying(100) NOT NULL,
    model character varying(100) NOT NULL
);


ALTER TABLE public.django_content_type OWNER TO postgres;

--
-- Name: django_content_type_id_seq; Type: SEQUENCE; Schema: public; Owner: postgres
--

ALTER TABLE public.django_content_type ALTER COLUMN id ADD GENERATED BY DEFAULT AS IDENTITY (
    SEQUENCE NAME public.django_content_type_id_seq
    START WITH 1
    INCREMENT BY 1
    NO MINVALUE
    NO MAXVALUE
    CACHE 1
);


--
-- Name: django_migrations; Type: TABLE; Schema: public; Owner: postgres
--

CREATE TABLE public.django_migrations (
    id bigint NOT NULL,
    app character varying(255) NOT NULL,
    name character varying(255) NOT NULL,
    applied timestamp with time zone NOT NULL
);


ALTER TABLE public.django_migrations OWNER TO postgres;

--
-- Name: django_migrations_id_seq; Type: SEQUENCE; Schema: public; Owner: postgres
--

ALTER TABLE public.django_migrations ALTER COLUMN id ADD GENERATED BY DEFAULT AS IDENTITY (
    SEQUENCE NAME public.django_migrations_id_seq
    START WITH 1
    INCREMENT BY 1
    NO MINVALUE
    NO MAXVALUE
    CACHE 1
);


--
-- Name: django_session; Type: TABLE; Schema: public; Owner: postgres
--

CREATE TABLE public.django_session (
    session_key character varying(40) NOT NULL,
    session_data text NOT NULL,
    expire_date timestamp with time zone NOT NULL
);


ALTER TABLE public.django_session OWNER TO postgres;

--
-- Name: groups; Type: TABLE; Schema: public; Owner: postgres
--

CREATE TABLE public.groups (
    id integer NOT NULL,
    name character varying NOT NULL,
    student_count integer NOT NULL
);


ALTER TABLE public.groups OWNER TO postgres;

--
-- Name: groups_id_seq; Type: SEQUENCE; Schema: public; Owner: postgres
--

CREATE SEQUENCE public.groups_id_seq
    AS integer
    START WITH 1
    INCREMENT BY 1
    NO MINVALUE
    NO MAXVALUE
    CACHE 1;


ALTER SEQUENCE public.groups_id_seq OWNER TO postgres;

--
-- Name: groups_id_seq; Type: SEQUENCE OWNED BY; Schema: public; Owner: postgres
--

ALTER SEQUENCE public.groups_id_seq OWNED BY public.groups.id;


--
-- Name: lessons; Type: TABLE; Schema: public; Owner: postgres
--

CREATE TABLE public.lessons (
    id integer NOT NULL,
    teaching_assignment_id integer NOT NULL,
    topic character varying NOT NULL,
    datetime timestamp without time zone NOT NULL,
    link character varying
);


ALTER TABLE public.lessons OWNER TO postgres;

--
-- Name: lessons_id_seq; Type: SEQUENCE; Schema: public; Owner: postgres
--

CREATE SEQUENCE public.lessons_id_seq
    AS integer
    START WITH 1
    INCREMENT BY 1
    NO MINVALUE
    NO MAXVALUE
    CACHE 1;


ALTER SEQUENCE public.lessons_id_seq OWNER TO postgres;

--
-- Name: lessons_id_seq; Type: SEQUENCE OWNED BY; Schema: public; Owner: postgres
--

ALTER SEQUENCE public.lessons_id_seq OWNED BY public.lessons.id;


--
-- Name: subjects; Type: TABLE; Schema: public; Owner: postgres
--

CREATE TABLE public.subjects (
    id integer NOT NULL,
    name character varying NOT NULL
);


ALTER TABLE public.subjects OWNER TO postgres;

--
-- Name: subjects_id_seq; Type: SEQUENCE; Schema: public; Owner: postgres
--

CREATE SEQUENCE public.subjects_id_seq
    AS integer
    START WITH 1
    INCREMENT BY 1
    NO MINVALUE
    NO MAXVALUE
    CACHE 1;


ALTER SEQUENCE public.subjects_id_seq OWNER TO postgres;

--
-- Name: subjects_id_seq; Type: SEQUENCE OWNED BY; Schema: public; Owner: postgres
--

ALTER SEQUENCE public.subjects_id_seq OWNED BY public.subjects.id;


--
-- Name: teaching_assignments; Type: TABLE; Schema: public; Owner: postgres
--

CREATE TABLE public.teaching_assignments (
    id integer NOT NULL,
    teacher_id integer NOT NULL,
    subject_id integer NOT NULL,
    group_id integer NOT NULL
);


ALTER TABLE public.teaching_assignments OWNER TO postgres;

--
-- Name: teaching_assignments_id_seq; Type: SEQUENCE; Schema: public; Owner: postgres
--

CREATE SEQUENCE public.teaching_assignments_id_seq
    AS integer
    START WITH 1
    INCREMENT BY 1
    NO MINVALUE
    NO MAXVALUE
    CACHE 1;


ALTER SEQUENCE public.teaching_assignments_id_seq OWNER TO postgres;

--
-- Name: teaching_assignments_id_seq; Type: SEQUENCE OWNED BY; Schema: public; Owner: postgres
--

ALTER SEQUENCE public.teaching_assignments_id_seq OWNED BY public.teaching_assignments.id;


--
-- Name: users; Type: TABLE; Schema: public; Owner: postgres
--

CREATE TABLE public.users (
    id integer NOT NULL,
    name character varying NOT NULL,
    username character varying NOT NULL,
    password character varying NOT NULL,
    role character varying NOT NULL,
    group_id integer,
    "position" character varying,
    CONSTRAINT users_role_check CHECK (((role)::text = ANY (ARRAY[('student'::character varying)::text, ('teacher'::character varying)::text, ('admin'::character varying)::text])))
);


ALTER TABLE public.users OWNER TO postgres;

--
-- Name: users_id_seq; Type: SEQUENCE; Schema: public; Owner: postgres
--

CREATE SEQUENCE public.users_id_seq
    AS integer
    START WITH 1
    INCREMENT BY 1
    NO MINVALUE
    NO MAXVALUE
    CACHE 1;


ALTER SEQUENCE public.users_id_seq OWNER TO postgres;

--
-- Name: users_id_seq; Type: SEQUENCE OWNED BY; Schema: public; Owner: postgres
--

ALTER SEQUENCE public.users_id_seq OWNED BY public.users.id;


--
-- Name: attendances id; Type: DEFAULT; Schema: public; Owner: postgres
--

ALTER TABLE ONLY public.attendances ALTER COLUMN id SET DEFAULT nextval('public.attendances_id_seq'::regclass);


--
-- Name: comments id; Type: DEFAULT; Schema: public; Owner: postgres
--

ALTER TABLE ONLY public.comments ALTER COLUMN id SET DEFAULT nextval('public.comments_id_seq'::regclass);


--
-- Name: groups id; Type: DEFAULT; Schema: public; Owner: postgres
--

ALTER TABLE ONLY public.groups ALTER COLUMN id SET DEFAULT nextval('public.groups_id_seq'::regclass);


--
-- Name: lessons id; Type: DEFAULT; Schema: public; Owner: postgres
--

ALTER TABLE ONLY public.lessons ALTER COLUMN id SET DEFAULT nextval('public.lessons_id_seq'::regclass);


--
-- Name: subjects id; Type: DEFAULT; Schema: public; Owner: postgres
--

ALTER TABLE ONLY public.subjects ALTER COLUMN id SET DEFAULT nextval('public.subjects_id_seq'::regclass);


--
-- Name: teaching_assignments id; Type: DEFAULT; Schema: public; Owner: postgres
--

ALTER TABLE ONLY public.teaching_assignments ALTER COLUMN id SET DEFAULT nextval('public.teaching_assignments_id_seq'::regclass);


--
-- Name: users id; Type: DEFAULT; Schema: public; Owner: postgres
--

ALTER TABLE ONLY public.users ALTER COLUMN id SET DEFAULT nextval('public.users_id_seq'::regclass);


--
-- Data for Name: accounts_user; Type: TABLE DATA; Schema: public; Owner: postgres
--

COPY public.accounts_user (id, password, last_login, is_superuser, username, is_staff, is_active, date_joined, role, "position", group_id, name, student_number, email) FROM stdin;
2	pbkdf2_sha256$1000000$8sfEv3EVQQDohKVe78vCj8$aQZWRLj9T50dwWpu5YYeT2EZrLkv4WVOndt1Pvl41Os=	\N	f	kostya	f	t	2025-06-06 22:06:42.759034+07	студент	\N	3	Березовский Константин Вячеславович	12341	berezowsky.kostya@gmail.com
4	pbkdf2_sha256$1000000$Xqq0aq6g6yTP2556EstdqR$/draVqt4XdLJkx1UjE0SiGNdXLKSDCe7IfOnAm7kyKg=	\N	f	belyaev	t	t	2025-06-06 22:36:33.483806+07	админ	Зав.кафедрой ИСИТ	\N	Беляев Игорь Сергеевич	\N	belyaev.igor@gmail.com
5	pbkdf2_sha256$1000000$Svh1VuESv4ha8cEXZtLxvE$qCblxdtyVCnCmWv8zI65ZOM8nvSEIDNrVVxt+9CptQk=	\N	f	testovtt	f	t	2025-04-23 11:05:52.420433+07	студент	\N	1	Тестов Тест Тестович	123321	\N
10	pbkdf2_sha256$1000000$WxDpA4OuaZ4y7wdtBFsssC$6AJKjWA6rfxy/qjuR2cBR3sRBVDfovj19/WyfKDy7t8=	\N	f	petrov	t	t	2025-06-06 22:53:55.773849+07	админ	Зав.Кафедрой ЭЭиА	\N	Петров Алексей Михайлович	\N	petrov.aleksey@gmail.com
12	pbkdf2_sha256$1000000$EJX4y5rnr41vP555n76kBx$Ar1dWsA/oWm7P3KFOLsIM0VsX9Zp338djMwREyZpyY0=	\N	f	bederina	f	t	2025-06-06 22:57:12.876923+07	студент	\N	3	Бедерина Елизавета Александровна	12341	bederina.elizaveta@gmail.com
1	pbkdf2_sha256$1000000$dSSAYovZvUilzfZncSSU6M$vkSCKrJ0CAw357mzz5oXQLh9Mqxyw4dpW5746BM31nM=	2025-06-06 22:01:52.049901+07	t	admin	t	t	2025-04-22 15:46:42.699314+07	админ	\N	\N	admin	\N	\N
8	pbkdf2_sha256$1000000$zd70ZLYiBQdYLMsG8jdJPG$ifI7sUgU0L5beaEmCnYd8cIUdAfnYUWh1b6zF6kXbdg=	\N	f	makovoz	f	t	2025-06-06 22:43:15.998979+07	студент	\N	3	Маковоз Максим Сергеевич	12341	makovoz.maksim@gmail.com
9	pbkdf2_sha256$1000000$zIClZPS1JvpSfLjgQvd3iN$eXI2fghCeLyvNQNws2Vrqa9a0J0fyHkFKiWqZnKRHzM=	\N	f	bogachev	f	t	2025-06-06 22:44:01.41559+07	студент	\N	3	Богачев Тимофей Валерьевич	12341	bogachev.timofey@gmail.com
7	pbkdf2_sha256$1000000$s6bd2Z6Z5TqnvoifSvb305$PXzRQXzNDpHNwHnGcP7C7eNYeefyH/TWNmnXPw68/rc=	\N	f	bogdanov	f	t	2025-06-06 22:41:29.118061+07	студент	\N	3	Богданов Роман Вячеславович	12341	bogdanov.roman@gmail.com
11	pbkdf2_sha256$1000000$0GfoSsInCKw828KFnUV170$7R9dLp/GKWOftd47BzaMNF+zSt+XLkFhBhGmeUje7AQ=	\N	f	bodryakova	f	t	2025-06-06 22:55:06.814964+07	преподаватель	Доцент	\N	Бодрякова Людмила Николаевна	\N	bodryakova.lyudmila@gmail.com
13	pbkdf2_sha256$1000000$Ta1Pk47GovYY9cRsNRN7Mk$q3zco8ezH4cqmALjQ8tLXK8E5NM2SdvjBUDS9uInVYY=	\N	f	faddeenkov	f	t	2025-06-06 22:59:27.775748+07	преподаватель	Доцент	\N	Фаддеенков Андрей Владимирович	\N	faddeenkov.andrey@gmail.com
3	pbkdf2_sha256$1000000$4YoB60ecysODqBv2qPUByr$f5BOmlpZauLJ14TTA5hkcYR3DVi0LIZnYAEnaslxcC4=	\N	f	dmitriy	f	t	2025-06-06 22:35:22.126334+07	студент	\N	3	Москаленко Дмитрий Сергеевич	12342	moskalenko.dmitriy@gmail.com
6	pbkdf2_sha256$1000000$CCtpuyO3pv5MNQFnVXx3yv$urJIWSaVTR5VA2H0/wT18XNLu4ipRpWe/vGqIh9s7g4=	\N	f	doljenko	f	t	2025-06-06 22:37:25.948907+07	админ	Декан	\N	Долженко Елена Николаевна	\N	doljenko.elena@gmail.com
\.


--
-- Data for Name: accounts_user_groups; Type: TABLE DATA; Schema: public; Owner: postgres
--

COPY public.accounts_user_groups (id, user_id, group_id) FROM stdin;
\.


--
-- Data for Name: accounts_user_user_permissions; Type: TABLE DATA; Schema: public; Owner: postgres
--

COPY public.accounts_user_user_permissions (id, user_id, permission_id) FROM stdin;
\.


--
-- Data for Name: adminpanel_group; Type: TABLE DATA; Schema: public; Owner: postgres
--

COPY public.adminpanel_group (id, name, student_count) FROM stdin;
1	ИЭ-12	16
3	ИЭ-21	20
4	ИС-21	20
\.


--
-- Data for Name: adminpanel_subject; Type: TABLE DATA; Schema: public; Owner: postgres
--

COPY public.adminpanel_subject (id, name) FROM stdin;
\.


--
-- Data for Name: adminpanel_teachingassignment; Type: TABLE DATA; Schema: public; Owner: postgres
--

COPY public.adminpanel_teachingassignment (id, group_id, subject_id, teacher_id) FROM stdin;
\.


--
-- Data for Name: attendances; Type: TABLE DATA; Schema: public; Owner: postgres
--

COPY public.attendances (id, lesson_id, student_id, status) FROM stdin;
\.


--
-- Data for Name: auth_group; Type: TABLE DATA; Schema: public; Owner: postgres
--

COPY public.auth_group (id, name) FROM stdin;
\.


--
-- Data for Name: auth_group_permissions; Type: TABLE DATA; Schema: public; Owner: postgres
--

COPY public.auth_group_permissions (id, group_id, permission_id) FROM stdin;
\.


--
-- Data for Name: auth_permission; Type: TABLE DATA; Schema: public; Owner: postgres
--

COPY public.auth_permission (id, name, content_type_id, codename) FROM stdin;
1	Can add log entry	1	add_logentry
2	Can change log entry	1	change_logentry
3	Can delete log entry	1	delete_logentry
4	Can view log entry	1	view_logentry
5	Can add permission	2	add_permission
6	Can change permission	2	change_permission
7	Can delete permission	2	delete_permission
8	Can view permission	2	view_permission
9	Can add group	3	add_group
10	Can change group	3	change_group
11	Can delete group	3	delete_group
12	Can view group	3	view_group
13	Can add content type	4	add_contenttype
14	Can change content type	4	change_contenttype
15	Can delete content type	4	delete_contenttype
16	Can view content type	4	view_contenttype
17	Can add session	5	add_session
18	Can change session	5	change_session
19	Can delete session	5	delete_session
20	Can view session	5	view_session
21	Can add user	6	add_user
22	Can change user	6	change_user
23	Can delete user	6	delete_user
24	Can view user	6	view_user
25	Can add group	7	add_group
26	Can change group	7	change_group
27	Can delete group	7	delete_group
28	Can view group	7	view_group
29	Can add subject	8	add_subject
30	Can change subject	8	change_subject
31	Can delete subject	8	delete_subject
32	Can view subject	8	view_subject
33	Can add teaching assignment	9	add_teachingassignment
34	Can change teaching assignment	9	change_teachingassignment
35	Can delete teaching assignment	9	delete_teachingassignment
36	Can view teaching assignment	9	view_teachingassignment
37	Can add channel	10	add_channel
38	Can change channel	10	change_channel
39	Can delete channel	10	delete_channel
40	Can view channel	10	view_channel
45	Can add message	12	add_message
46	Can change message	12	change_message
47	Can delete message	12	delete_message
48	Can view message	12	view_message
49	Can add uploaded file	13	add_uploadedfile
50	Can change uploaded file	13	change_uploadedfile
51	Can delete uploaded file	13	delete_uploadedfile
52	Can view uploaded file	13	view_uploadedfile
53	Can add notification	14	add_notification
54	Can change notification	14	change_notification
55	Can delete notification	14	delete_notification
56	Can view notification	14	view_notification
57	Can add stream	15	add_stream
58	Can change stream	15	change_stream
59	Can delete stream	15	delete_stream
60	Can view stream	15	view_stream
\.


--
-- Data for Name: comments; Type: TABLE DATA; Schema: public; Owner: postgres
--

COPY public.comments (id, lesson_id, author_id, text, "timestamp") FROM stdin;
\.


--
-- Data for Name: communication_channel; Type: TABLE DATA; Schema: public; Owner: postgres
--

COPY public.communication_channel (id, name, description, created_at, created_by_id, max_participants, updated_at) FROM stdin;
1	Тестовый канал		2025-04-24 15:46:54.495851+07	1	50	2025-05-26 22:52:48.437557+07
3	абвгд		2025-05-26 21:51:13.580787+07	\N	50	2025-05-26 23:02:09.227402+07
2	Генеральный	блаблабла	2025-04-24 10:45:50.525428+07	1	20	2025-05-26 23:05:57.511744+07
4	[ИС-21,ИЭ-21]Информационная безопасность и защита информации		2025-06-06 23:09:23.262675+07	1	50	2025-06-06 23:11:54.63516+07
5	[ИЭ-21]Информационная безопасность и защита информации		2025-06-06 23:19:08.712693+07	1	50	2025-06-06 23:19:08.712693+07
6	[ИС-21]Информационная безопасность и защита информации		2025-06-06 23:19:29.9523+07	1	50	2025-06-06 23:19:29.9523+07
7	[ИС-21]Интеллектуальные информационные системы		2025-06-06 23:21:24.762299+07	1	50	2025-06-06 23:21:24.762299+07
8	[ИЭ-21]Интеллектуальные информационные системы		2025-06-06 23:21:40.670844+07	1	50	2025-06-06 23:21:40.670844+07
9	[ИС-21,ИЭ-21]Интеллектуальные информационные системы		2025-06-06 23:22:12.24514+07	1	50	2025-06-06 23:22:12.24514+07
10	32		2025-06-07 00:27:35.629825+07	1	50	2025-06-07 00:27:35.629825+07
11	626		2025-06-07 00:27:39.997761+07	1	50	2025-06-07 00:27:39.997761+07
12	615161546		2025-06-07 00:27:45.299653+07	1	50	2025-06-07 00:27:45.299653+07
13	54851231		2025-06-07 00:27:51.565739+07	1	50	2025-06-07 00:27:51.565739+07
\.


--
-- Data for Name: communication_channel_groups_allowed; Type: TABLE DATA; Schema: public; Owner: postgres
--

COPY public.communication_channel_groups_allowed (id, channel_id, group_id) FROM stdin;
6	3	1
7	4	3
8	4	4
9	5	3
10	6	4
11	7	4
12	8	3
13	9	3
14	9	4
\.


--
-- Data for Name: communication_channel_participants; Type: TABLE DATA; Schema: public; Owner: postgres
--

COPY public.communication_channel_participants (id, channel_id, user_id) FROM stdin;
978	1	5
\.


--
-- Data for Name: communication_message; Type: TABLE DATA; Schema: public; Owner: postgres
--

COPY public.communication_message (id, content, "timestamp", channel_id, sender_id, uploaded_file_id) FROM stdin;
48	q2eqqw	2025-05-05 13:55:20.422445+07	1	5	\N
49	1231	2025-05-05 13:55:25.129383+07	1	5	\N
50	12321312	2025-05-05 13:56:11.088517+07	1	1	\N
51	123123	2025-05-14 12:15:38.478803+07	1	1	\N
52	555	2025-05-14 12:21:57.115229+07	2	1	\N
53	5555	2025-05-14 12:22:05.426943+07	1	1	\N
54	444444444444444444444444444	2025-05-14 12:22:08.95367+07	1	1	\N
55	555	2025-05-15 19:43:14.057851+07	2	5	\N
56	32432432423432423432432423432432432	2025-05-15 22:32:35.303844+07	2	1	\N
57	12322222222222222222222222222222222222222222222222222222222222222222222222222222222222222222222222222222222222222222222222222222222222222222222222222222222224	2025-05-15 22:36:29.954665+07	2	1	\N
58	321312312312	2025-05-15 22:38:08.476374+07	2	5	\N
59	33333	2025-05-15 22:38:15.541375+07	2	1	\N
60	321321321	2025-05-15 22:38:20.667964+07	2	5	\N
61	444444444444444444444444444444444	2025-05-15 22:38:25.692857+07	2	5	\N
62	5фывфывфыывфвфывфывфаловылоадлывоадлывдларывадыврад5фывфывфыывфвфывфывфаловылоадлывоадлывдларывадыврад5фывфывфыывфвфывфывфаловылоадлывоадлывдларывадыврад5фывфывфыывфвфывфывфаловылоадлывоадлывдларывадыврад5фывфывфыывфвфывфывфаловылоадлывоадлывдларывадыврад5фывфывфыывфвфывфывфаловылоадлывоадлывдларывадыврад5фывфывфыывфвфывфывфаловылоадлывоадлывдларывадыврад5фывфывфыывфвфывфывфаловылоадлывоадлывдларывадыврад5фывфывфыывфвфывфывфаловылоадлывоадлывдларывадыврад	2025-05-15 22:38:38.829128+07	2	5	\N
63	dsfsfasdasdasdas	2025-05-16 11:30:51.608784+07	1	1	\N
64	saaaa	2025-05-16 11:30:54.20849+07	1	1	\N
65	sdfddd	2025-05-16 11:32:34.864631+07	1	5	\N
66	645454	2025-05-19 13:20:35.813574+07	1	1	\N
67	lll	2025-05-19 13:36:35.453813+07	1	1	3
68	555	2025-05-19 13:49:51.523693+07	1	5	5
69	1111	2025-05-19 13:53:55.82477+07	1	1	7
83	ыфвфы	2025-05-26 22:10:09.182646+07	1	1	\N
85	Я полностью согласен!	2025-05-26 23:02:19.696147+07	3	1	\N
86	12312312	2025-06-06 01:51:56.416466+07	3	1	\N
\.


--
-- Data for Name: communication_notification; Type: TABLE DATA; Schema: public; Owner: postgres
--

COPY public.communication_notification (id, title, message, image, created_at, group_id) FROM stdin;
1	3424	432432	http://localhost:9000/online-school/system/icons/site_icon_238414.png?X-Amz-Algorithm=AWS4-HMAC-SHA256&X-Amz-Credential=admin/20250609/us-east-1/s3/aws4_request&X-Amz-Date=20250609T135509Z&X-Amz-Expires=86400&X-Amz-SignedHeaders=host&X-Amz-Signature=97c68891e8047d9995ab0dc2e5e536650bd25f774e0bdef5b0481713e47a9bd8	2025-06-09 20:55:16.865548+07	\N
\.


--
-- Data for Name: communication_stream; Type: TABLE DATA; Schema: public; Owner: postgres
--

COPY public.communication_stream (id, has_video, has_audio, has_webcam, created_at, updated_at, channel_id, user_id, is_muted_by_admin, is_speaking) FROM stdin;
\.


--
-- Data for Name: communication_uploadedfile; Type: TABLE DATA; Schema: public; Owner: postgres
--

COPY public.communication_uploadedfile (id, file_name, file_type, path, uploaded_at, user_id) FROM stdin;
1	naklejka-kotjata-dlja-interera-10203-1-350x470.jpg	user_upload	uploads/users/16e501eb-1418-4e92-b2cd-bc194c1ee720.jpg	2025-05-19 13:36:34.560711+07	1
2	naklejka-kotjata-dlja-interera-10203-1-350x470.jpg	user_upload	uploads/users/450eca40-f18a-47c3-aba4-237fe101b028.jpg	2025-05-19 13:36:34.877632+07	1
3	naklejka-kotjata-dlja-interera-10203-1-350x470.jpg	user_upload	uploads/users/450eca40-f18a-47c3-aba4-237fe101b028.jpg	2025-05-19 13:36:35.178123+07	1
4	naklejka-kotjata-dlja-interera-10203-1-350x470.jpg	user_upload	uploads/users/70480758-422e-41af-89b2-6e20971fd1a3.jpg	2025-05-19 13:49:51.05779+07	5
5	naklejka-kotjata-dlja-interera-10203-1-350x470.jpg	user_upload	uploads/users/70480758-422e-41af-89b2-6e20971fd1a3.jpg	2025-05-19 13:49:51.31553+07	5
6	naklejka-kotjata-dlja-interera-10203-1-350x470.jpg	user_upload	uploads/users/75b62606-cf25-4318-b53a-2e2d50011b4e.jpg	2025-05-19 13:53:55.49743+07	1
7	naklejka-kotjata-dlja-interera-10203-1-350x470.jpg	user_upload	uploads/users/75b62606-cf25-4318-b53a-2e2d50011b4e.jpg	2025-05-19 13:53:55.687058+07	1
\.


--
-- Data for Name: django_admin_log; Type: TABLE DATA; Schema: public; Owner: postgres
--

COPY public.django_admin_log (id, action_time, object_id, object_repr, action_flag, change_message, content_type_id, user_id) FROM stdin;
1	2025-04-22 16:12:35.078969+07	2	studentovss	1	[{"added": {}}]	6	1
2	2025-04-22 16:57:03.180532+07	2	studentovss	3		6	1
3	2025-04-22 16:57:15.094864+07	3	fio	1	[{"added": {}}]	6	1
4	2025-04-22 17:00:33.478996+07	3	fio	2	[]	6	1
5	2025-04-22 17:08:05.724877+07	3	fio	3		6	1
6	2025-04-23 09:46:23.211806+07	4	fio	1	[{"added": {}}]	6	1
7	2025-04-23 11:05:52.427433+07	5	testovtt	1	[{"added": {}}]	6	1
8	2025-04-23 11:16:09.425867+07	5	testovtt	2	[{"changed": {"fields": ["Role", "\\u041d\\u043e\\u043c\\u0435\\u0440 \\u0437\\u0430\\u0447\\u0451\\u0442\\u043a\\u0438"]}}]	6	1
9	2025-04-23 11:16:57.648635+07	1	ИЭ-12	1	[{"added": {}}]	7	1
10	2025-04-23 11:17:00.337343+07	5	testovtt	2	[{"changed": {"fields": ["Group"]}}]	6	1
11	2025-04-23 14:26:54.858272+07	6	adminka	1	[{"added": {}}]	6	1
12	2025-04-23 14:27:48.276924+07	6	adminka	2	[{"changed": {"fields": ["\\u041d\\u043e\\u043c\\u0435\\u0440 \\u0437\\u0430\\u0447\\u0451\\u0442\\u043a\\u0438"]}}]	6	1
13	2025-04-23 14:28:23.698488+07	6	adminka	2	[{"changed": {"fields": ["\\u041d\\u043e\\u043c\\u0435\\u0440 \\u0437\\u0430\\u0447\\u0451\\u0442\\u043a\\u0438"]}}]	6	1
14	2025-04-23 14:29:15.108905+07	6	adminka	2	[]	6	1
15	2025-04-23 14:29:28.099378+07	6	adminka	3		6	1
16	2025-04-23 14:29:38.543289+07	5	testovtt	2	[{"changed": {"fields": ["Role"]}}]	6	1
17	2025-04-23 14:33:26.385787+07	5	testovtt	2	[{"changed": {"fields": ["Role"]}}]	6	1
18	2025-04-24 15:46:54.511673+07	1	Test	1	[{"added": {}}]	10	1
24	2025-04-29 13:56:03.475428+07	2	Генеральный	2	[{"changed": {"fields": ["Participants"]}}]	10	1
25	2025-04-29 13:56:28.145714+07	2	Генеральный	2	[{"changed": {"fields": ["Participants", "Groups allowed"]}}]	10	1
26	2025-04-29 13:59:05.12891+07	1	Test	2	[{"changed": {"fields": ["Groups allowed"]}}]	10	1
27	2025-04-29 13:59:25.578696+07	2	Генеральный	2	[{"changed": {"fields": ["Groups allowed"]}}]	10	1
28	2025-04-29 13:59:53.393354+07	1	Test	2	[{"changed": {"fields": ["Participants", "Groups allowed"]}}]	10	1
29	2025-04-29 14:00:44.177992+07	2	Генеральный	2	[{"changed": {"fields": ["Participants"]}}]	10	1
30	2025-04-29 14:01:08.741154+07	2	Генеральный	2	[{"changed": {"fields": ["Participants", "Groups allowed"]}}]	10	1
31	2025-04-29 14:01:23.985691+07	1	Test	2	[{"changed": {"fields": ["Groups allowed"]}}]	10	1
32	2025-04-29 14:27:47.928856+07	2	Генеральный	2	[{"changed": {"fields": ["Participants"]}}]	10	1
33	2025-04-29 14:28:24.208416+07	1	Test	2	[{"changed": {"fields": ["Participants"]}}]	10	1
34	2025-04-29 14:29:01.571176+07	2	Генеральный	2	[{"changed": {"fields": ["Participants"]}}]	10	1
35	2025-04-30 17:56:57.745505+07	2	Генеральный	2	[{"changed": {"fields": ["Participants"]}}]	10	1
36	2025-05-02 15:21:56.997015+07	2	Генеральный	2	[{"changed": {"fields": ["Participants"]}}]	10	1
37	2025-05-02 15:22:22.166066+07	2	Генеральный	2	[{"changed": {"fields": ["Participants"]}}]	10	1
38	2025-05-02 15:34:40.27631+07	5	testovtt	2	[{"changed": {"fields": ["Is staff"]}}]	6	1
39	2025-05-02 15:34:56.481835+07	5	testovtt	2	[{"changed": {"fields": ["Is staff"]}}]	6	1
40	2025-05-02 15:35:12.624044+07	2	Генеральный	2	[{"changed": {"fields": ["Groups allowed"]}}]	10	1
41	2025-05-02 15:35:30.469388+07	2	Генеральный	2	[{"changed": {"fields": ["Groups allowed"]}}]	10	1
42	2025-05-02 15:35:52.586524+07	2	admins	1	[{"added": {}}]	7	1
43	2025-05-02 15:36:12.853897+07	1	admin	2	[{"changed": {"fields": ["Role"]}}]	6	1
44	2025-05-02 15:37:22.80706+07	1	admin	2	[{"changed": {"fields": ["Role"]}}]	6	1
45	2025-05-02 15:37:28.525131+07	1	admin	2	[{"changed": {"fields": ["Group"]}}]	6	1
46	2025-05-02 15:38:16.59038+07	2	admins	3		7	1
47	2025-05-02 15:38:46.020297+07	1	admin	2	[{"changed": {"fields": ["Role"]}}]	6	1
48	2025-05-02 17:33:09.979837+07	2	Генеральный111111111	2	[{"changed": {"fields": ["Name"]}}]	10	1
49	2025-05-02 17:33:51.589342+07	2	Генеральный	2	[{"changed": {"fields": ["Name"]}}]	10	1
50	2025-05-14 14:11:15.162827+07	2	999999	2	[{"changed": {"fields": ["Is active"]}}]	6	1
51	2025-05-14 14:25:50.049838+07	2	999999	2	[{"changed": {"fields": ["Is active"]}}]	6	1
52	2025-05-14 14:32:44.426623+07	2	999999	3		6	1
53	2025-05-14 15:43:12.256663+07	3	444	2	[]	6	1
54	2025-05-14 15:43:48.194159+07	6	щщщ	1	[{"added": {}}]	6	1
55	2025-05-14 15:44:14.920421+07	6	щщщ	3		6	1
56	2025-05-26 14:31:42.612233+07	7	999	2	[{"changed": {"fields": ["Is active"]}}]	6	1
57	2025-05-26 14:36:13.682256+07	8	1488228	2	[{"changed": {"fields": ["Is active"]}}]	6	1
58	2025-05-26 14:47:08.484848+07	1	Test1111111111111	2	[{"changed": {"fields": ["Name"]}}]	10	1
59	2025-05-26 14:47:23.893474+07	1	Test111111111111143534534534534534	2	[{"changed": {"fields": ["Name"]}}]	10	1
60	2025-06-06 22:02:45.196038+07	6	12345	3		6	1
61	2025-06-06 22:03:39.860572+07	9	12345678	3		6	1
62	2025-06-06 22:03:39.860572+07	8	1488228	3		6	1
63	2025-06-06 22:03:39.861146+07	2	666	3		6	1
64	2025-06-06 22:03:39.861158+07	7	999	3		6	1
65	2025-06-06 22:03:39.861158+07	4	fio	3		6	1
66	2025-06-06 22:04:40.149101+07	3	ИЭ-21	1	[{"added": {}}]	7	1
67	2025-06-06 22:04:50.527712+07	4	ИС-21	1	[{"added": {}}]	7	1
68	2025-06-06 22:06:42.792132+07	2	Kostya	1	[{"added": {}}]	6	1
69	2025-06-06 22:35:22.132329+07	3	Dmitriy	1	[{"added": {}}]	6	1
70	2025-06-06 22:36:33.485808+07	4	Belyaev	1	[{"added": {}}]	6	1
71	2025-06-06 22:37:25.949937+07	6	Doljenko	1	[{"added": {}}]	6	1
72	2025-06-06 22:41:29.119059+07	7	roman	1	[{"added": {}}]	6	1
73	2025-06-06 22:43:15.999981+07	8	makovoz	1	[{"added": {}}]	6	1
74	2025-06-06 22:44:01.416971+07	9	bogachev	1	[{"added": {}}]	6	1
75	2025-06-06 22:46:31.006288+07	4	Belyaev	2	[{"changed": {"fields": ["Is staff"]}}]	6	1
76	2025-06-06 22:48:22.880328+07	7	bogdanov	2	[{"changed": {"fields": ["Username"]}}]	6	1
77	2025-06-06 22:48:39.873228+07	6	Doljenko	2	[{"changed": {"fields": ["Is staff"]}}]	6	1
78	2025-06-06 22:49:08.779267+07	6	Doljenko	2	[{"changed": {"fields": ["Is staff"]}}]	6	1
79	2025-06-06 22:49:56.232902+07	6	Doljenko	2	[{"changed": {"fields": ["Role", "Is staff"]}}]	6	1
80	2025-06-06 22:50:28.547503+07	6	Doljenko	2	[{"changed": {"fields": ["Role"]}}]	6	1
81	2025-06-06 22:51:13.497634+07	3	dmitriy	2	[{"changed": {"fields": ["Username"]}}]	6	1
82	2025-06-06 22:51:23.322461+07	6	doljenko	2	[{"changed": {"fields": ["Username", "Role"]}}]	6	1
83	2025-06-06 22:51:31.58062+07	2	kostya	2	[{"changed": {"fields": ["Username"]}}]	6	1
84	2025-06-06 22:51:39.316717+07	4	belyaev	2	[{"changed": {"fields": ["Username"]}}]	6	1
85	2025-06-06 22:53:55.774848+07	10	petrov	1	[{"added": {}}]	6	1
86	2025-06-06 22:55:06.815962+07	11	bodryakova	1	[{"added": {}}]	6	1
87	2025-06-06 22:55:15.682395+07	11	bodryakova	2	[{"changed": {"fields": ["Is staff"]}}]	6	1
88	2025-06-06 22:55:24.796548+07	10	petrov	2	[{"changed": {"fields": ["Is staff"]}}]	6	1
89	2025-06-06 22:57:12.878638+07	12	bederina	1	[{"added": {}}]	6	1
90	2025-06-06 22:59:27.77675+07	13	faddeenkov	1	[{"added": {}}]	6	1
91	2025-06-06 22:59:31.381768+07	13	faddeenkov	2	[{"changed": {"fields": ["Is staff"]}}]	6	1
92	2025-06-06 23:02:26.900201+07	11	bodryakova	2	[{"changed": {"fields": ["Position", "Is staff"]}}]	6	1
93	2025-06-06 23:02:40.023924+07	13	faddeenkov	2	[{"changed": {"fields": ["Is staff"]}}]	6	1
94	2025-06-06 23:09:23.292679+07	4	[ИС-21,ИЭ-21]Информационная безопасность и защита информации	1	[{"added": {}}]	10	1
95	2025-06-06 23:11:25.591561+07	4	[ИС-21,ИЭ-21]Информационная безопасность и защита информации	2	[{"changed": {"fields": ["Participants"]}}]	10	1
96	2025-06-06 23:11:54.64216+07	4	[ИС-21,ИЭ-21]Информационная безопасность и защита информации	2	[{"changed": {"fields": ["Participants"]}}]	10	1
97	2025-06-06 23:17:45.389644+07	6	doljenko	2	[{"changed": {"fields": ["Is staff"]}}]	6	1
98	2025-06-06 23:19:08.727929+07	5	[ИЭ-21]Информационная безопасность и защита информации	1	[{"added": {}}]	10	1
99	2025-06-06 23:19:29.968298+07	6	[ИС-21]Информационная безопасность и защита информации	1	[{"added": {}}]	10	1
100	2025-06-06 23:21:24.783241+07	7	[ИС-21]Интеллектуальные информационные системы	1	[{"added": {}}]	10	1
101	2025-06-06 23:21:40.689184+07	8	[ИЭ-21]Интеллектуальные информационные системы	1	[{"added": {}}]	10	1
102	2025-06-06 23:22:12.262273+07	9	[ИС-21,ИЭ-21]Интеллектуальные информационные системы	1	[{"added": {}}]	10	1
103	2025-06-07 00:27:35.648888+07	10	32	1	[{"added": {}}]	10	1
104	2025-06-07 00:27:40.021176+07	11	626	1	[{"added": {}}]	10	1
105	2025-06-07 00:27:45.316652+07	12	615161546	1	[{"added": {}}]	10	1
106	2025-06-07 00:27:51.583733+07	13	54851231	1	[{"added": {}}]	10	1
\.


--
-- Data for Name: django_content_type; Type: TABLE DATA; Schema: public; Owner: postgres
--

COPY public.django_content_type (id, app_label, model) FROM stdin;
1	admin	logentry
2	auth	permission
3	auth	group
4	contenttypes	contenttype
5	sessions	session
6	accounts	user
7	adminpanel	group
8	adminpanel	subject
9	adminpanel	teachingassignment
10	communication	channel
12	communication	message
13	communication	uploadedfile
14	communication	notification
15	communication	stream
\.


--
-- Data for Name: django_migrations; Type: TABLE DATA; Schema: public; Owner: postgres
--

COPY public.django_migrations (id, app, name, applied) FROM stdin;
1	contenttypes	0001_initial	2025-04-22 14:47:31.908375+07
2	contenttypes	0002_remove_content_type_name	2025-04-22 14:47:31.912376+07
3	auth	0001_initial	2025-04-22 14:47:31.936376+07
4	auth	0002_alter_permission_name_max_length	2025-04-22 14:47:31.939374+07
5	auth	0003_alter_user_email_max_length	2025-04-22 14:47:31.941374+07
6	auth	0004_alter_user_username_opts	2025-04-22 14:47:31.944376+07
7	auth	0005_alter_user_last_login_null	2025-04-22 14:47:31.948376+07
8	auth	0006_require_contenttypes_0002	2025-04-22 14:47:31.948376+07
9	auth	0007_alter_validators_add_error_messages	2025-04-22 14:47:31.952374+07
10	auth	0008_alter_user_username_max_length	2025-04-22 14:47:31.955374+07
11	auth	0009_alter_user_last_name_max_length	2025-04-22 14:47:31.958374+07
12	auth	0010_alter_group_name_max_length	2025-04-22 14:47:31.962376+07
13	auth	0011_update_proxy_permissions	2025-04-22 14:47:31.965376+07
14	auth	0012_alter_user_first_name_max_length	2025-04-22 14:47:31.967374+07
15	accounts	0001_initial	2025-04-22 14:47:31.975375+07
16	adminpanel	0001_initial	2025-04-22 14:47:31.991377+07
17	accounts	0002_initial	2025-04-22 14:47:32.017376+07
18	admin	0001_initial	2025-04-22 14:47:32.030375+07
19	admin	0002_logentry_remove_auto_add	2025-04-22 14:47:32.036374+07
20	admin	0003_logentry_add_action_flag_choices	2025-04-22 14:47:32.041375+07
21	sessions	0001_initial	2025-04-22 14:47:32.047376+07
22	accounts	0003_auto_20250422_1535	2025-04-22 15:46:16.009678+07
23	accounts	0004_alter_user_options_alter_user_managers_and_more	2025-04-22 15:46:16.066676+07
24	adminpanel	0002_alter_teachingassignment_teacher	2025-04-22 15:46:16.074676+07
25	accounts	0005_user_student_number_alter_user_name_alter_user_role	2025-04-23 11:12:03.274076+07
26	communication	0001_initial	2025-04-24 10:35:20.292116+07
28	communication	0002_message	2025-04-29 13:43:22.682404+07
29	communication	0003_channel_created_by_channel_groups_allowed_and_more	2025-04-29 13:43:38.110934+07
30	communication	0004_notification_uploadedfile	2025-05-06 12:31:20.822948+07
31	communication	0005_notification_group	2025-05-06 12:31:20.868951+07
32	communication	0006_message_uploaded_file	2025-05-06 14:14:07.043464+07
33	communication	0007_stream	2025-05-15 16:28:20.618929+07
34	communication	0008_stream_is_muted_by_admin_stream_is_speaking	2025-05-15 16:28:20.710926+07
35	accounts	0006_user_email	2025-06-05 22:38:59.270649+07
36	communication	0009_alter_notification_image	2025-06-09 11:30:31.173542+07
\.


--
-- Data for Name: django_session; Type: TABLE DATA; Schema: public; Owner: postgres
--

COPY public.django_session (session_key, session_data, expire_date) FROM stdin;
gr30k6613ygiu3hdq0bb6rawx4j8kxrx	.eJxVjDsOwyAQBe9CHaEFY1hSpvcZrGWB4CQCyZ8qyt0jJBdJ-2bmvcVMx17mY0vrvERxFUpcfrdA_Ey1g_igem-SW93XJciuyJNucmoxvW6n-3dQaCu9tjAgaz-ysZ7AZ7CgQhi15ZSRMiZ0JjMgIAbrnVLOGI02D8kBBRafL8z2N1U:1u79HT:fWeBWm6wPfill4kR3AFkyUKqUkbwEo7bfEDXUVM4mA8	2025-05-06 15:47:03.358669+07
htxb2at2peiocq76la6e6z3gj5sp2qnt	.eJxVjDsOwyAQBe9CHaEFY1hSpvcZrGWB4CQCyZ8qyt0jJBdJ-2bmvcVMx17mY0vrvERxFUpcfrdA_Ey1g_igem-SW93XJciuyJNucmoxvW6n-3dQaCu9tjAgaz-ysZ7AZ7CgQhi15ZSRMiZ0JjMgIAbrnVLOGI02D8kBBRafL8z2N1U:1u7UUV:nDSF5TZw6LI32Q7A3OEGu7eg42cEr77djFSWbxxI24g	2025-05-07 14:25:55.508274+07
gzrsm0roh915pzupi6kq7mcidpki1irm	.eJxVjDsOwyAQBe9CHaEFY1hSpvcZrGWB4CQCyZ8qyt0jJBdJ-2bmvcVMx17mY0vrvERxFUpcfrdA_Ey1g_igem-SW93XJciuyJNucmoxvW6n-3dQaCu9tjAgaz-ysZ7AZ7CgQhi15ZSRMiZ0JjMgIAbrnVLOGI02D8kBBRafL8z2N1U:1u7sCu:vhzSsi2Kjzc4nKq7vXqyT8NwRypM69SAYYA7w-KHQSs	2025-05-08 15:45:20.917655+07
fes50qex3zbazlf56f20vzc0d140xu40	.eJxVjE0OwiAYBe_C2hBKaQsu3XsG8v0hVQNJaVfGu2uTLnT7Zua9VIRtzXFrssSZ1VmN6vS7IdBDyg74DuVWNdWyLjPqXdEHbfpaWZ6Xw_07yNDytxYJicF4Bw4xmKET6EPXc7BTwp7IM-IkKGbwZEHI0ei8Dc4xCSRi9f4AFcw5hQ:1u7TeJ:Wftxl6anSAAhOcg51ZmjXk9MH9jlcz3dTSbcagQwer0	2025-05-07 13:31:59.821813+07
7dcg998zj2g6r687twmrdsgkvco2p03p	.eJxVjDsOwyAQBe9CHaEFY1hSpvcZrGWB4CQCyZ8qyt0jJBdJ-2bmvcVMx17mY0vrvERxFUpcfrdA_Ey1g_igem-SW93XJciuyJNucmoxvW6n-3dQaCu9tjAgaz-ysZ7AZ7CgQhi15ZSRMiZ0JjMgIAbrnVLOGI02D8kBBRafL8z2N1U:1uF68l:1g_OlUMreBDSTttrUMA7JyqkHZBEIvX5DOd5vMhq2X8	2025-05-28 14:02:55.462062+07
07p685gim7hrt4gcmb2uy64koxmpxub9	.eJxVjDsOwyAQBe9CHaEFY1hSpvcZrGWB4CQCyZ8qyt0jJBdJ-2bmvcVMx17mY0vrvERxFUpcfrdA_Ey1g_igem-SW93XJciuyJNucmoxvW6n-3dQaCu9tjAgaz-ysZ7AZ7CgQhi15ZSRMiZ0JjMgIAbrnVLOGI02D8kBBRafL8z2N1U:1uNYZs:_AWH0S9Zf89yexasUKlOWkSFwe3mxBLgnbY7SwZqAqo	2025-06-20 22:01:52.069835+07
\.


--
-- Data for Name: groups; Type: TABLE DATA; Schema: public; Owner: postgres
--

COPY public.groups (id, name, student_count) FROM stdin;
0	Нет группы	1
1	ИЭ-21	16
\.


--
-- Data for Name: lessons; Type: TABLE DATA; Schema: public; Owner: postgres
--

COPY public.lessons (id, teaching_assignment_id, topic, datetime, link) FROM stdin;
\.


--
-- Data for Name: subjects; Type: TABLE DATA; Schema: public; Owner: postgres
--

COPY public.subjects (id, name) FROM stdin;
\.


--
-- Data for Name: teaching_assignments; Type: TABLE DATA; Schema: public; Owner: postgres
--

COPY public.teaching_assignments (id, teacher_id, subject_id, group_id) FROM stdin;
\.


--
-- Data for Name: users; Type: TABLE DATA; Schema: public; Owner: postgres
--

COPY public.users (id, name, username, password, role, group_id, "position") FROM stdin;
0	Иванов Иван Иванович	ivanovii	123321	admin	0	порофессор
1	Максимом Максим Максимович	maksimovmm	123321	teacher	0	порофессор
2	Студентов Студент Студентович	studentovss	123321	student	1	\N
\.


--
-- Name: accounts_user_groups_id_seq; Type: SEQUENCE SET; Schema: public; Owner: postgres
--

SELECT pg_catalog.setval('public.accounts_user_groups_id_seq', 1, false);


--
-- Name: accounts_user_id_seq; Type: SEQUENCE SET; Schema: public; Owner: postgres
--

SELECT pg_catalog.setval('public.accounts_user_id_seq', 6, true);


--
-- Name: accounts_user_user_permissions_id_seq; Type: SEQUENCE SET; Schema: public; Owner: postgres
--

SELECT pg_catalog.setval('public.accounts_user_user_permissions_id_seq', 1, false);


--
-- Name: adminpanel_group_id_seq; Type: SEQUENCE SET; Schema: public; Owner: postgres
--

SELECT pg_catalog.setval('public.adminpanel_group_id_seq', 4, true);


--
-- Name: adminpanel_subject_id_seq; Type: SEQUENCE SET; Schema: public; Owner: postgres
--

SELECT pg_catalog.setval('public.adminpanel_subject_id_seq', 1, false);


--
-- Name: adminpanel_teachingassignment_id_seq; Type: SEQUENCE SET; Schema: public; Owner: postgres
--

SELECT pg_catalog.setval('public.adminpanel_teachingassignment_id_seq', 1, false);


--
-- Name: attendances_id_seq; Type: SEQUENCE SET; Schema: public; Owner: postgres
--

SELECT pg_catalog.setval('public.attendances_id_seq', 1, false);


--
-- Name: auth_group_id_seq; Type: SEQUENCE SET; Schema: public; Owner: postgres
--

SELECT pg_catalog.setval('public.auth_group_id_seq', 1, false);


--
-- Name: auth_group_permissions_id_seq; Type: SEQUENCE SET; Schema: public; Owner: postgres
--

SELECT pg_catalog.setval('public.auth_group_permissions_id_seq', 1, false);


--
-- Name: auth_permission_id_seq; Type: SEQUENCE SET; Schema: public; Owner: postgres
--

SELECT pg_catalog.setval('public.auth_permission_id_seq', 60, true);


--
-- Name: comments_id_seq; Type: SEQUENCE SET; Schema: public; Owner: postgres
--

SELECT pg_catalog.setval('public.comments_id_seq', 1, false);


--
-- Name: communication_channel_groups_allowed_id_seq; Type: SEQUENCE SET; Schema: public; Owner: postgres
--

SELECT pg_catalog.setval('public.communication_channel_groups_allowed_id_seq', 14, true);


--
-- Name: communication_channel_id_seq; Type: SEQUENCE SET; Schema: public; Owner: postgres
--

SELECT pg_catalog.setval('public.communication_channel_id_seq', 13, true);


--
-- Name: communication_channel_participants_id_seq; Type: SEQUENCE SET; Schema: public; Owner: postgres
--

SELECT pg_catalog.setval('public.communication_channel_participants_id_seq', 2362, true);


--
-- Name: communication_message_id_seq; Type: SEQUENCE SET; Schema: public; Owner: postgres
--

SELECT pg_catalog.setval('public.communication_message_id_seq', 86, true);


--
-- Name: communication_notification_id_seq; Type: SEQUENCE SET; Schema: public; Owner: postgres
--

SELECT pg_catalog.setval('public.communication_notification_id_seq', 1, true);


--
-- Name: communication_stream_id_seq; Type: SEQUENCE SET; Schema: public; Owner: postgres
--

SELECT pg_catalog.setval('public.communication_stream_id_seq', 1, false);


--
-- Name: communication_uploadedfile_id_seq; Type: SEQUENCE SET; Schema: public; Owner: postgres
--

SELECT pg_catalog.setval('public.communication_uploadedfile_id_seq', 14, true);


--
-- Name: django_admin_log_id_seq; Type: SEQUENCE SET; Schema: public; Owner: postgres
--

SELECT pg_catalog.setval('public.django_admin_log_id_seq', 106, true);


--
-- Name: django_content_type_id_seq; Type: SEQUENCE SET; Schema: public; Owner: postgres
--

SELECT pg_catalog.setval('public.django_content_type_id_seq', 15, true);


--
-- Name: django_migrations_id_seq; Type: SEQUENCE SET; Schema: public; Owner: postgres
--

SELECT pg_catalog.setval('public.django_migrations_id_seq', 36, true);


--
-- Name: groups_id_seq; Type: SEQUENCE SET; Schema: public; Owner: postgres
--

SELECT pg_catalog.setval('public.groups_id_seq', 1, false);


--
-- Name: lessons_id_seq; Type: SEQUENCE SET; Schema: public; Owner: postgres
--

SELECT pg_catalog.setval('public.lessons_id_seq', 1, false);


--
-- Name: subjects_id_seq; Type: SEQUENCE SET; Schema: public; Owner: postgres
--

SELECT pg_catalog.setval('public.subjects_id_seq', 1, false);


--
-- Name: teaching_assignments_id_seq; Type: SEQUENCE SET; Schema: public; Owner: postgres
--

SELECT pg_catalog.setval('public.teaching_assignments_id_seq', 1, false);


--
-- Name: users_id_seq; Type: SEQUENCE SET; Schema: public; Owner: postgres
--

SELECT pg_catalog.setval('public.users_id_seq', 1, false);


--
-- Name: accounts_user accounts_user_email_key; Type: CONSTRAINT; Schema: public; Owner: postgres
--

ALTER TABLE ONLY public.accounts_user
    ADD CONSTRAINT accounts_user_email_key UNIQUE (email);


--
-- Name: accounts_user_groups accounts_user_groups_pkey; Type: CONSTRAINT; Schema: public; Owner: postgres
--

ALTER TABLE ONLY public.accounts_user_groups
    ADD CONSTRAINT accounts_user_groups_pkey PRIMARY KEY (id);


--
-- Name: accounts_user_groups accounts_user_groups_user_id_group_id_59c0b32f_uniq; Type: CONSTRAINT; Schema: public; Owner: postgres
--

ALTER TABLE ONLY public.accounts_user_groups
    ADD CONSTRAINT accounts_user_groups_user_id_group_id_59c0b32f_uniq UNIQUE (user_id, group_id);


--
-- Name: accounts_user accounts_user_pkey; Type: CONSTRAINT; Schema: public; Owner: postgres
--

ALTER TABLE ONLY public.accounts_user
    ADD CONSTRAINT accounts_user_pkey PRIMARY KEY (id);


--
-- Name: accounts_user_user_permissions accounts_user_user_permi_user_id_permission_id_2ab516c2_uniq; Type: CONSTRAINT; Schema: public; Owner: postgres
--

ALTER TABLE ONLY public.accounts_user_user_permissions
    ADD CONSTRAINT accounts_user_user_permi_user_id_permission_id_2ab516c2_uniq UNIQUE (user_id, permission_id);


--
-- Name: accounts_user_user_permissions accounts_user_user_permissions_pkey; Type: CONSTRAINT; Schema: public; Owner: postgres
--

ALTER TABLE ONLY public.accounts_user_user_permissions
    ADD CONSTRAINT accounts_user_user_permissions_pkey PRIMARY KEY (id);


--
-- Name: accounts_user accounts_user_username_key; Type: CONSTRAINT; Schema: public; Owner: postgres
--

ALTER TABLE ONLY public.accounts_user
    ADD CONSTRAINT accounts_user_username_key UNIQUE (username);


--
-- Name: adminpanel_group adminpanel_group_pkey; Type: CONSTRAINT; Schema: public; Owner: postgres
--

ALTER TABLE ONLY public.adminpanel_group
    ADD CONSTRAINT adminpanel_group_pkey PRIMARY KEY (id);


--
-- Name: adminpanel_subject adminpanel_subject_pkey; Type: CONSTRAINT; Schema: public; Owner: postgres
--

ALTER TABLE ONLY public.adminpanel_subject
    ADD CONSTRAINT adminpanel_subject_pkey PRIMARY KEY (id);


--
-- Name: adminpanel_teachingassignment adminpanel_teachingassignment_pkey; Type: CONSTRAINT; Schema: public; Owner: postgres
--

ALTER TABLE ONLY public.adminpanel_teachingassignment
    ADD CONSTRAINT adminpanel_teachingassignment_pkey PRIMARY KEY (id);


--
-- Name: attendances attendances_pkey; Type: CONSTRAINT; Schema: public; Owner: postgres
--

ALTER TABLE ONLY public.attendances
    ADD CONSTRAINT attendances_pkey PRIMARY KEY (id);


--
-- Name: auth_group auth_group_name_key; Type: CONSTRAINT; Schema: public; Owner: postgres
--

ALTER TABLE ONLY public.auth_group
    ADD CONSTRAINT auth_group_name_key UNIQUE (name);


--
-- Name: auth_group_permissions auth_group_permissions_group_id_permission_id_0cd325b0_uniq; Type: CONSTRAINT; Schema: public; Owner: postgres
--

ALTER TABLE ONLY public.auth_group_permissions
    ADD CONSTRAINT auth_group_permissions_group_id_permission_id_0cd325b0_uniq UNIQUE (group_id, permission_id);


--
-- Name: auth_group_permissions auth_group_permissions_pkey; Type: CONSTRAINT; Schema: public; Owner: postgres
--

ALTER TABLE ONLY public.auth_group_permissions
    ADD CONSTRAINT auth_group_permissions_pkey PRIMARY KEY (id);


--
-- Name: auth_group auth_group_pkey; Type: CONSTRAINT; Schema: public; Owner: postgres
--

ALTER TABLE ONLY public.auth_group
    ADD CONSTRAINT auth_group_pkey PRIMARY KEY (id);


--
-- Name: auth_permission auth_permission_content_type_id_codename_01ab375a_uniq; Type: CONSTRAINT; Schema: public; Owner: postgres
--

ALTER TABLE ONLY public.auth_permission
    ADD CONSTRAINT auth_permission_content_type_id_codename_01ab375a_uniq UNIQUE (content_type_id, codename);


--
-- Name: auth_permission auth_permission_pkey; Type: CONSTRAINT; Schema: public; Owner: postgres
--

ALTER TABLE ONLY public.auth_permission
    ADD CONSTRAINT auth_permission_pkey PRIMARY KEY (id);


--
-- Name: comments comments_pkey; Type: CONSTRAINT; Schema: public; Owner: postgres
--

ALTER TABLE ONLY public.comments
    ADD CONSTRAINT comments_pkey PRIMARY KEY (id);


--
-- Name: communication_channel_groups_allowed communication_channel_gr_channel_id_group_id_c9d7103c_uniq; Type: CONSTRAINT; Schema: public; Owner: postgres
--

ALTER TABLE ONLY public.communication_channel_groups_allowed
    ADD CONSTRAINT communication_channel_gr_channel_id_group_id_c9d7103c_uniq UNIQUE (channel_id, group_id);


--
-- Name: communication_channel_groups_allowed communication_channel_groups_allowed_pkey; Type: CONSTRAINT; Schema: public; Owner: postgres
--

ALTER TABLE ONLY public.communication_channel_groups_allowed
    ADD CONSTRAINT communication_channel_groups_allowed_pkey PRIMARY KEY (id);


--
-- Name: communication_channel communication_channel_name_key; Type: CONSTRAINT; Schema: public; Owner: postgres
--

ALTER TABLE ONLY public.communication_channel
    ADD CONSTRAINT communication_channel_name_key UNIQUE (name);


--
-- Name: communication_channel_participants communication_channel_pa_channel_id_user_id_f4bfee6d_uniq; Type: CONSTRAINT; Schema: public; Owner: postgres
--

ALTER TABLE ONLY public.communication_channel_participants
    ADD CONSTRAINT communication_channel_pa_channel_id_user_id_f4bfee6d_uniq UNIQUE (channel_id, user_id);


--
-- Name: communication_channel_participants communication_channel_participants_pkey; Type: CONSTRAINT; Schema: public; Owner: postgres
--

ALTER TABLE ONLY public.communication_channel_participants
    ADD CONSTRAINT communication_channel_participants_pkey PRIMARY KEY (id);


--
-- Name: communication_channel communication_channel_pkey; Type: CONSTRAINT; Schema: public; Owner: postgres
--

ALTER TABLE ONLY public.communication_channel
    ADD CONSTRAINT communication_channel_pkey PRIMARY KEY (id);


--
-- Name: communication_message communication_message_pkey; Type: CONSTRAINT; Schema: public; Owner: postgres
--

ALTER TABLE ONLY public.communication_message
    ADD CONSTRAINT communication_message_pkey PRIMARY KEY (id);


--
-- Name: communication_notification communication_notification_pkey; Type: CONSTRAINT; Schema: public; Owner: postgres
--

ALTER TABLE ONLY public.communication_notification
    ADD CONSTRAINT communication_notification_pkey PRIMARY KEY (id);


--
-- Name: communication_stream communication_stream_pkey; Type: CONSTRAINT; Schema: public; Owner: postgres
--

ALTER TABLE ONLY public.communication_stream
    ADD CONSTRAINT communication_stream_pkey PRIMARY KEY (id);


--
-- Name: communication_stream communication_stream_user_id_channel_id_6b4a25fc_uniq; Type: CONSTRAINT; Schema: public; Owner: postgres
--

ALTER TABLE ONLY public.communication_stream
    ADD CONSTRAINT communication_stream_user_id_channel_id_6b4a25fc_uniq UNIQUE (user_id, channel_id);


--
-- Name: communication_uploadedfile communication_uploadedfile_pkey; Type: CONSTRAINT; Schema: public; Owner: postgres
--

ALTER TABLE ONLY public.communication_uploadedfile
    ADD CONSTRAINT communication_uploadedfile_pkey PRIMARY KEY (id);


--
-- Name: django_admin_log django_admin_log_pkey; Type: CONSTRAINT; Schema: public; Owner: postgres
--

ALTER TABLE ONLY public.django_admin_log
    ADD CONSTRAINT django_admin_log_pkey PRIMARY KEY (id);


--
-- Name: django_content_type django_content_type_app_label_model_76bd3d3b_uniq; Type: CONSTRAINT; Schema: public; Owner: postgres
--

ALTER TABLE ONLY public.django_content_type
    ADD CONSTRAINT django_content_type_app_label_model_76bd3d3b_uniq UNIQUE (app_label, model);


--
-- Name: django_content_type django_content_type_pkey; Type: CONSTRAINT; Schema: public; Owner: postgres
--

ALTER TABLE ONLY public.django_content_type
    ADD CONSTRAINT django_content_type_pkey PRIMARY KEY (id);


--
-- Name: django_migrations django_migrations_pkey; Type: CONSTRAINT; Schema: public; Owner: postgres
--

ALTER TABLE ONLY public.django_migrations
    ADD CONSTRAINT django_migrations_pkey PRIMARY KEY (id);


--
-- Name: django_session django_session_pkey; Type: CONSTRAINT; Schema: public; Owner: postgres
--

ALTER TABLE ONLY public.django_session
    ADD CONSTRAINT django_session_pkey PRIMARY KEY (session_key);


--
-- Name: groups groups_pkey; Type: CONSTRAINT; Schema: public; Owner: postgres
--

ALTER TABLE ONLY public.groups
    ADD CONSTRAINT groups_pkey PRIMARY KEY (id);


--
-- Name: lessons lessons_pkey; Type: CONSTRAINT; Schema: public; Owner: postgres
--

ALTER TABLE ONLY public.lessons
    ADD CONSTRAINT lessons_pkey PRIMARY KEY (id);


--
-- Name: subjects subjects_pkey; Type: CONSTRAINT; Schema: public; Owner: postgres
--

ALTER TABLE ONLY public.subjects
    ADD CONSTRAINT subjects_pkey PRIMARY KEY (id);


--
-- Name: teaching_assignments teaching_assignments_pkey; Type: CONSTRAINT; Schema: public; Owner: postgres
--

ALTER TABLE ONLY public.teaching_assignments
    ADD CONSTRAINT teaching_assignments_pkey PRIMARY KEY (id);


--
-- Name: users users_pkey; Type: CONSTRAINT; Schema: public; Owner: postgres
--

ALTER TABLE ONLY public.users
    ADD CONSTRAINT users_pkey PRIMARY KEY (id);


--
-- Name: users users_username_key; Type: CONSTRAINT; Schema: public; Owner: postgres
--

ALTER TABLE ONLY public.users
    ADD CONSTRAINT users_username_key UNIQUE (username);


--
-- Name: accounts_user_email_b2644a56_like; Type: INDEX; Schema: public; Owner: postgres
--

CREATE INDEX accounts_user_email_b2644a56_like ON public.accounts_user USING btree (email varchar_pattern_ops);


--
-- Name: accounts_user_group_id_e004c65c; Type: INDEX; Schema: public; Owner: postgres
--

CREATE INDEX accounts_user_group_id_e004c65c ON public.accounts_user USING btree (group_id);


--
-- Name: accounts_user_groups_group_id_bd11a704; Type: INDEX; Schema: public; Owner: postgres
--

CREATE INDEX accounts_user_groups_group_id_bd11a704 ON public.accounts_user_groups USING btree (group_id);


--
-- Name: accounts_user_groups_user_id_52b62117; Type: INDEX; Schema: public; Owner: postgres
--

CREATE INDEX accounts_user_groups_user_id_52b62117 ON public.accounts_user_groups USING btree (user_id);


--
-- Name: accounts_user_user_permissions_permission_id_113bb443; Type: INDEX; Schema: public; Owner: postgres
--

CREATE INDEX accounts_user_user_permissions_permission_id_113bb443 ON public.accounts_user_user_permissions USING btree (permission_id);


--
-- Name: accounts_user_user_permissions_user_id_e4f0a161; Type: INDEX; Schema: public; Owner: postgres
--

CREATE INDEX accounts_user_user_permissions_user_id_e4f0a161 ON public.accounts_user_user_permissions USING btree (user_id);


--
-- Name: accounts_user_username_6088629e_like; Type: INDEX; Schema: public; Owner: postgres
--

CREATE INDEX accounts_user_username_6088629e_like ON public.accounts_user USING btree (username varchar_pattern_ops);


--
-- Name: adminpanel_teachingassignment_group_id_6f65d68a; Type: INDEX; Schema: public; Owner: postgres
--

CREATE INDEX adminpanel_teachingassignment_group_id_6f65d68a ON public.adminpanel_teachingassignment USING btree (group_id);


--
-- Name: adminpanel_teachingassignment_subject_id_719312fe; Type: INDEX; Schema: public; Owner: postgres
--

CREATE INDEX adminpanel_teachingassignment_subject_id_719312fe ON public.adminpanel_teachingassignment USING btree (subject_id);


--
-- Name: adminpanel_teachingassignment_teacher_id_35314cc8; Type: INDEX; Schema: public; Owner: postgres
--

CREATE INDEX adminpanel_teachingassignment_teacher_id_35314cc8 ON public.adminpanel_teachingassignment USING btree (teacher_id);


--
-- Name: auth_group_name_a6ea08ec_like; Type: INDEX; Schema: public; Owner: postgres
--

CREATE INDEX auth_group_name_a6ea08ec_like ON public.auth_group USING btree (name varchar_pattern_ops);


--
-- Name: auth_group_permissions_group_id_b120cbf9; Type: INDEX; Schema: public; Owner: postgres
--

CREATE INDEX auth_group_permissions_group_id_b120cbf9 ON public.auth_group_permissions USING btree (group_id);


--
-- Name: auth_group_permissions_permission_id_84c5c92e; Type: INDEX; Schema: public; Owner: postgres
--

CREATE INDEX auth_group_permissions_permission_id_84c5c92e ON public.auth_group_permissions USING btree (permission_id);


--
-- Name: auth_permission_content_type_id_2f476e4b; Type: INDEX; Schema: public; Owner: postgres
--

CREATE INDEX auth_permission_content_type_id_2f476e4b ON public.auth_permission USING btree (content_type_id);


--
-- Name: communication_channel_created_by_id_5290d31d; Type: INDEX; Schema: public; Owner: postgres
--

CREATE INDEX communication_channel_created_by_id_5290d31d ON public.communication_channel USING btree (created_by_id);


--
-- Name: communication_channel_groups_allowed_channel_id_93e33597; Type: INDEX; Schema: public; Owner: postgres
--

CREATE INDEX communication_channel_groups_allowed_channel_id_93e33597 ON public.communication_channel_groups_allowed USING btree (channel_id);


--
-- Name: communication_channel_groups_allowed_group_id_df8f4290; Type: INDEX; Schema: public; Owner: postgres
--

CREATE INDEX communication_channel_groups_allowed_group_id_df8f4290 ON public.communication_channel_groups_allowed USING btree (group_id);


--
-- Name: communication_channel_name_6da64138_like; Type: INDEX; Schema: public; Owner: postgres
--

CREATE INDEX communication_channel_name_6da64138_like ON public.communication_channel USING btree (name varchar_pattern_ops);


--
-- Name: communication_channel_participants_channel_id_5340873f; Type: INDEX; Schema: public; Owner: postgres
--

CREATE INDEX communication_channel_participants_channel_id_5340873f ON public.communication_channel_participants USING btree (channel_id);


--
-- Name: communication_channel_participants_user_id_fc6d76d8; Type: INDEX; Schema: public; Owner: postgres
--

CREATE INDEX communication_channel_participants_user_id_fc6d76d8 ON public.communication_channel_participants USING btree (user_id);


--
-- Name: communication_message_channel_id_8584c942; Type: INDEX; Schema: public; Owner: postgres
--

CREATE INDEX communication_message_channel_id_8584c942 ON public.communication_message USING btree (channel_id);


--
-- Name: communication_message_sender_id_11380a9e; Type: INDEX; Schema: public; Owner: postgres
--

CREATE INDEX communication_message_sender_id_11380a9e ON public.communication_message USING btree (sender_id);


--
-- Name: communication_message_uploaded_file_id_258a2a23; Type: INDEX; Schema: public; Owner: postgres
--

CREATE INDEX communication_message_uploaded_file_id_258a2a23 ON public.communication_message USING btree (uploaded_file_id);


--
-- Name: communication_notification_group_id_d9b78e9a; Type: INDEX; Schema: public; Owner: postgres
--

CREATE INDEX communication_notification_group_id_d9b78e9a ON public.communication_notification USING btree (group_id);


--
-- Name: communication_stream_channel_id_1b18a63e; Type: INDEX; Schema: public; Owner: postgres
--

CREATE INDEX communication_stream_channel_id_1b18a63e ON public.communication_stream USING btree (channel_id);


--
-- Name: communication_stream_user_id_bf07f9d8; Type: INDEX; Schema: public; Owner: postgres
--

CREATE INDEX communication_stream_user_id_bf07f9d8 ON public.communication_stream USING btree (user_id);


--
-- Name: communication_uploadedfile_user_id_cc5de8d1; Type: INDEX; Schema: public; Owner: postgres
--

CREATE INDEX communication_uploadedfile_user_id_cc5de8d1 ON public.communication_uploadedfile USING btree (user_id);


--
-- Name: django_admin_log_content_type_id_c4bce8eb; Type: INDEX; Schema: public; Owner: postgres
--

CREATE INDEX django_admin_log_content_type_id_c4bce8eb ON public.django_admin_log USING btree (content_type_id);


--
-- Name: django_admin_log_user_id_c564eba6; Type: INDEX; Schema: public; Owner: postgres
--

CREATE INDEX django_admin_log_user_id_c564eba6 ON public.django_admin_log USING btree (user_id);


--
-- Name: django_session_expire_date_a5c62663; Type: INDEX; Schema: public; Owner: postgres
--

CREATE INDEX django_session_expire_date_a5c62663 ON public.django_session USING btree (expire_date);


--
-- Name: django_session_session_key_c0390e0f_like; Type: INDEX; Schema: public; Owner: postgres
--

CREATE INDEX django_session_session_key_c0390e0f_like ON public.django_session USING btree (session_key varchar_pattern_ops);


--
-- Name: accounts_user accounts_user_group_id_e004c65c_fk_adminpanel_group_id; Type: FK CONSTRAINT; Schema: public; Owner: postgres
--

ALTER TABLE ONLY public.accounts_user
    ADD CONSTRAINT accounts_user_group_id_e004c65c_fk_adminpanel_group_id FOREIGN KEY (group_id) REFERENCES public.adminpanel_group(id) DEFERRABLE INITIALLY DEFERRED;


--
-- Name: accounts_user_groups accounts_user_groups_group_id_bd11a704_fk_auth_group_id; Type: FK CONSTRAINT; Schema: public; Owner: postgres
--

ALTER TABLE ONLY public.accounts_user_groups
    ADD CONSTRAINT accounts_user_groups_group_id_bd11a704_fk_auth_group_id FOREIGN KEY (group_id) REFERENCES public.auth_group(id) DEFERRABLE INITIALLY DEFERRED;


--
-- Name: accounts_user_groups accounts_user_groups_user_id_52b62117_fk_accounts_user_id; Type: FK CONSTRAINT; Schema: public; Owner: postgres
--

ALTER TABLE ONLY public.accounts_user_groups
    ADD CONSTRAINT accounts_user_groups_user_id_52b62117_fk_accounts_user_id FOREIGN KEY (user_id) REFERENCES public.accounts_user(id) DEFERRABLE INITIALLY DEFERRED;


--
-- Name: accounts_user_user_permissions accounts_user_user_p_permission_id_113bb443_fk_auth_perm; Type: FK CONSTRAINT; Schema: public; Owner: postgres
--

ALTER TABLE ONLY public.accounts_user_user_permissions
    ADD CONSTRAINT accounts_user_user_p_permission_id_113bb443_fk_auth_perm FOREIGN KEY (permission_id) REFERENCES public.auth_permission(id) DEFERRABLE INITIALLY DEFERRED;


--
-- Name: accounts_user_user_permissions accounts_user_user_p_user_id_e4f0a161_fk_accounts_; Type: FK CONSTRAINT; Schema: public; Owner: postgres
--

ALTER TABLE ONLY public.accounts_user_user_permissions
    ADD CONSTRAINT accounts_user_user_p_user_id_e4f0a161_fk_accounts_ FOREIGN KEY (user_id) REFERENCES public.accounts_user(id) DEFERRABLE INITIALLY DEFERRED;


--
-- Name: adminpanel_teachingassignment adminpanel_teachinga_group_id_6f65d68a_fk_adminpane; Type: FK CONSTRAINT; Schema: public; Owner: postgres
--

ALTER TABLE ONLY public.adminpanel_teachingassignment
    ADD CONSTRAINT adminpanel_teachinga_group_id_6f65d68a_fk_adminpane FOREIGN KEY (group_id) REFERENCES public.adminpanel_group(id) DEFERRABLE INITIALLY DEFERRED;


--
-- Name: adminpanel_teachingassignment adminpanel_teachinga_subject_id_719312fe_fk_adminpane; Type: FK CONSTRAINT; Schema: public; Owner: postgres
--

ALTER TABLE ONLY public.adminpanel_teachingassignment
    ADD CONSTRAINT adminpanel_teachinga_subject_id_719312fe_fk_adminpane FOREIGN KEY (subject_id) REFERENCES public.adminpanel_subject(id) DEFERRABLE INITIALLY DEFERRED;


--
-- Name: adminpanel_teachingassignment adminpanel_teachinga_teacher_id_35314cc8_fk_accounts_; Type: FK CONSTRAINT; Schema: public; Owner: postgres
--

ALTER TABLE ONLY public.adminpanel_teachingassignment
    ADD CONSTRAINT adminpanel_teachinga_teacher_id_35314cc8_fk_accounts_ FOREIGN KEY (teacher_id) REFERENCES public.accounts_user(id) DEFERRABLE INITIALLY DEFERRED;


--
-- Name: attendances attendances_lesson_id_fkey; Type: FK CONSTRAINT; Schema: public; Owner: postgres
--

ALTER TABLE ONLY public.attendances
    ADD CONSTRAINT attendances_lesson_id_fkey FOREIGN KEY (lesson_id) REFERENCES public.lessons(id);


--
-- Name: attendances attendances_student_id_fkey; Type: FK CONSTRAINT; Schema: public; Owner: postgres
--

ALTER TABLE ONLY public.attendances
    ADD CONSTRAINT attendances_student_id_fkey FOREIGN KEY (student_id) REFERENCES public.users(id);


--
-- Name: auth_group_permissions auth_group_permissio_permission_id_84c5c92e_fk_auth_perm; Type: FK CONSTRAINT; Schema: public; Owner: postgres
--

ALTER TABLE ONLY public.auth_group_permissions
    ADD CONSTRAINT auth_group_permissio_permission_id_84c5c92e_fk_auth_perm FOREIGN KEY (permission_id) REFERENCES public.auth_permission(id) DEFERRABLE INITIALLY DEFERRED;


--
-- Name: auth_group_permissions auth_group_permissions_group_id_b120cbf9_fk_auth_group_id; Type: FK CONSTRAINT; Schema: public; Owner: postgres
--

ALTER TABLE ONLY public.auth_group_permissions
    ADD CONSTRAINT auth_group_permissions_group_id_b120cbf9_fk_auth_group_id FOREIGN KEY (group_id) REFERENCES public.auth_group(id) DEFERRABLE INITIALLY DEFERRED;


--
-- Name: auth_permission auth_permission_content_type_id_2f476e4b_fk_django_co; Type: FK CONSTRAINT; Schema: public; Owner: postgres
--

ALTER TABLE ONLY public.auth_permission
    ADD CONSTRAINT auth_permission_content_type_id_2f476e4b_fk_django_co FOREIGN KEY (content_type_id) REFERENCES public.django_content_type(id) DEFERRABLE INITIALLY DEFERRED;


--
-- Name: comments comments_author_id_fkey; Type: FK CONSTRAINT; Schema: public; Owner: postgres
--

ALTER TABLE ONLY public.comments
    ADD CONSTRAINT comments_author_id_fkey FOREIGN KEY (author_id) REFERENCES public.users(id);


--
-- Name: comments comments_lesson_id_fkey; Type: FK CONSTRAINT; Schema: public; Owner: postgres
--

ALTER TABLE ONLY public.comments
    ADD CONSTRAINT comments_lesson_id_fkey FOREIGN KEY (lesson_id) REFERENCES public.lessons(id);


--
-- Name: communication_channel_participants communication_channe_channel_id_5340873f_fk_communica; Type: FK CONSTRAINT; Schema: public; Owner: postgres
--

ALTER TABLE ONLY public.communication_channel_participants
    ADD CONSTRAINT communication_channe_channel_id_5340873f_fk_communica FOREIGN KEY (channel_id) REFERENCES public.communication_channel(id) DEFERRABLE INITIALLY DEFERRED;


--
-- Name: communication_channel_groups_allowed communication_channe_channel_id_93e33597_fk_communica; Type: FK CONSTRAINT; Schema: public; Owner: postgres
--

ALTER TABLE ONLY public.communication_channel_groups_allowed
    ADD CONSTRAINT communication_channe_channel_id_93e33597_fk_communica FOREIGN KEY (channel_id) REFERENCES public.communication_channel(id) DEFERRABLE INITIALLY DEFERRED;


--
-- Name: communication_channel communication_channe_created_by_id_5290d31d_fk_accounts_; Type: FK CONSTRAINT; Schema: public; Owner: postgres
--

ALTER TABLE ONLY public.communication_channel
    ADD CONSTRAINT communication_channe_created_by_id_5290d31d_fk_accounts_ FOREIGN KEY (created_by_id) REFERENCES public.accounts_user(id) DEFERRABLE INITIALLY DEFERRED;


--
-- Name: communication_channel_groups_allowed communication_channe_group_id_df8f4290_fk_adminpane; Type: FK CONSTRAINT; Schema: public; Owner: postgres
--

ALTER TABLE ONLY public.communication_channel_groups_allowed
    ADD CONSTRAINT communication_channe_group_id_df8f4290_fk_adminpane FOREIGN KEY (group_id) REFERENCES public.adminpanel_group(id) DEFERRABLE INITIALLY DEFERRED;


--
-- Name: communication_channel_participants communication_channe_user_id_fc6d76d8_fk_accounts_; Type: FK CONSTRAINT; Schema: public; Owner: postgres
--

ALTER TABLE ONLY public.communication_channel_participants
    ADD CONSTRAINT communication_channe_user_id_fc6d76d8_fk_accounts_ FOREIGN KEY (user_id) REFERENCES public.accounts_user(id) DEFERRABLE INITIALLY DEFERRED;


--
-- Name: communication_message communication_messag_channel_id_8584c942_fk_communica; Type: FK CONSTRAINT; Schema: public; Owner: postgres
--

ALTER TABLE ONLY public.communication_message
    ADD CONSTRAINT communication_messag_channel_id_8584c942_fk_communica FOREIGN KEY (channel_id) REFERENCES public.communication_channel(id) DEFERRABLE INITIALLY DEFERRED;


--
-- Name: communication_message communication_messag_uploaded_file_id_258a2a23_fk_communica; Type: FK CONSTRAINT; Schema: public; Owner: postgres
--

ALTER TABLE ONLY public.communication_message
    ADD CONSTRAINT communication_messag_uploaded_file_id_258a2a23_fk_communica FOREIGN KEY (uploaded_file_id) REFERENCES public.communication_uploadedfile(id) DEFERRABLE INITIALLY DEFERRED;


--
-- Name: communication_message communication_message_sender_id_11380a9e_fk_accounts_user_id; Type: FK CONSTRAINT; Schema: public; Owner: postgres
--

ALTER TABLE ONLY public.communication_message
    ADD CONSTRAINT communication_message_sender_id_11380a9e_fk_accounts_user_id FOREIGN KEY (sender_id) REFERENCES public.accounts_user(id) DEFERRABLE INITIALLY DEFERRED;


--
-- Name: communication_notification communication_notifi_group_id_d9b78e9a_fk_adminpane; Type: FK CONSTRAINT; Schema: public; Owner: postgres
--

ALTER TABLE ONLY public.communication_notification
    ADD CONSTRAINT communication_notifi_group_id_d9b78e9a_fk_adminpane FOREIGN KEY (group_id) REFERENCES public.adminpanel_group(id) DEFERRABLE INITIALLY DEFERRED;


--
-- Name: communication_stream communication_stream_channel_id_1b18a63e_fk_communica; Type: FK CONSTRAINT; Schema: public; Owner: postgres
--

ALTER TABLE ONLY public.communication_stream
    ADD CONSTRAINT communication_stream_channel_id_1b18a63e_fk_communica FOREIGN KEY (channel_id) REFERENCES public.communication_channel(id) DEFERRABLE INITIALLY DEFERRED;


--
-- Name: communication_stream communication_stream_user_id_bf07f9d8_fk_accounts_user_id; Type: FK CONSTRAINT; Schema: public; Owner: postgres
--

ALTER TABLE ONLY public.communication_stream
    ADD CONSTRAINT communication_stream_user_id_bf07f9d8_fk_accounts_user_id FOREIGN KEY (user_id) REFERENCES public.accounts_user(id) DEFERRABLE INITIALLY DEFERRED;


--
-- Name: communication_uploadedfile communication_uploadedfile_user_id_cc5de8d1_fk_accounts_user_id; Type: FK CONSTRAINT; Schema: public; Owner: postgres
--

ALTER TABLE ONLY public.communication_uploadedfile
    ADD CONSTRAINT communication_uploadedfile_user_id_cc5de8d1_fk_accounts_user_id FOREIGN KEY (user_id) REFERENCES public.accounts_user(id) DEFERRABLE INITIALLY DEFERRED;


--
-- Name: django_admin_log django_admin_log_content_type_id_c4bce8eb_fk_django_co; Type: FK CONSTRAINT; Schema: public; Owner: postgres
--

ALTER TABLE ONLY public.django_admin_log
    ADD CONSTRAINT django_admin_log_content_type_id_c4bce8eb_fk_django_co FOREIGN KEY (content_type_id) REFERENCES public.django_content_type(id) DEFERRABLE INITIALLY DEFERRED;


--
-- Name: django_admin_log django_admin_log_user_id_c564eba6_fk_accounts_user_id; Type: FK CONSTRAINT; Schema: public; Owner: postgres
--

ALTER TABLE ONLY public.django_admin_log
    ADD CONSTRAINT django_admin_log_user_id_c564eba6_fk_accounts_user_id FOREIGN KEY (user_id) REFERENCES public.accounts_user(id) DEFERRABLE INITIALLY DEFERRED;


--
-- Name: lessons lessons_teaching_assignment_id_fkey; Type: FK CONSTRAINT; Schema: public; Owner: postgres
--

ALTER TABLE ONLY public.lessons
    ADD CONSTRAINT lessons_teaching_assignment_id_fkey FOREIGN KEY (teaching_assignment_id) REFERENCES public.teaching_assignments(id);


--
-- Name: teaching_assignments teaching_assignments_group_id_fkey; Type: FK CONSTRAINT; Schema: public; Owner: postgres
--

ALTER TABLE ONLY public.teaching_assignments
    ADD CONSTRAINT teaching_assignments_group_id_fkey FOREIGN KEY (group_id) REFERENCES public.groups(id);


--
-- Name: teaching_assignments teaching_assignments_subject_id_fkey; Type: FK CONSTRAINT; Schema: public; Owner: postgres
--

ALTER TABLE ONLY public.teaching_assignments
    ADD CONSTRAINT teaching_assignments_subject_id_fkey FOREIGN KEY (subject_id) REFERENCES public.subjects(id);


--
-- Name: teaching_assignments teaching_assignments_teacher_id_fkey; Type: FK CONSTRAINT; Schema: public; Owner: postgres
--

ALTER TABLE ONLY public.teaching_assignments
    ADD CONSTRAINT teaching_assignments_teacher_id_fkey FOREIGN KEY (teacher_id) REFERENCES public.users(id);


--
-- Name: users users_group_id_fkey; Type: FK CONSTRAINT; Schema: public; Owner: postgres
--

ALTER TABLE ONLY public.users
    ADD CONSTRAINT users_group_id_fkey FOREIGN KEY (group_id) REFERENCES public.groups(id);


--
-- PostgreSQL database dump complete
--

