--
-- PostgreSQL database dump
--

-- Dumped from database version 17.4
-- Dumped by pg_dump version 17.4

SET statement_timeout = 0;
SET lock_timeout = 0;
SET idle_in_transaction_session_timeout = 0;
SET transaction_timeout = 0;
SET client_encoding = 'UTF8';
SET standard_conforming_strings = on;
SELECT pg_catalog.set_config('search_path', '', false);
SET check_function_bodies = false;
SET xmloption = content;
SET client_min_messages = warning;
SET row_security = off;

SET default_tablespace = '';

SET default_table_access_method = heap;

--
-- Name: accounts_user; Type: TABLE; Schema: public; Owner: postgres
--

CREATE TABLE public.accounts_user (
    id bigint NOT NULL,
    password character varying(128) NOT NULL,
    last_login timestamp with time zone,
    is_superuser boolean NOT NULL,
    username character varying(150) NOT NULL,
    is_staff boolean NOT NULL,
    is_active boolean NOT NULL,
    date_joined timestamp with time zone NOT NULL,
    role character varying(20) NOT NULL,
    "position" character varying(100),
    group_id bigint,
    name character varying(255) NOT NULL,
    student_number character varying(20)
);


ALTER TABLE public.accounts_user OWNER TO postgres;

--
-- Name: accounts_user_groups; Type: TABLE; Schema: public; Owner: postgres
--

CREATE TABLE public.accounts_user_groups (
    id bigint NOT NULL,
    user_id bigint NOT NULL,
    group_id integer NOT NULL
);


ALTER TABLE public.accounts_user_groups OWNER TO postgres;

--
-- Name: accounts_user_groups_id_seq; Type: SEQUENCE; Schema: public; Owner: postgres
--

ALTER TABLE public.accounts_user_groups ALTER COLUMN id ADD GENERATED BY DEFAULT AS IDENTITY (
    SEQUENCE NAME public.accounts_user_groups_id_seq
    START WITH 1
    INCREMENT BY 1
    NO MINVALUE
    NO MAXVALUE
    CACHE 1
);


--
-- Name: accounts_user_id_seq; Type: SEQUENCE; Schema: public; Owner: postgres
--

ALTER TABLE public.accounts_user ALTER COLUMN id ADD GENERATED BY DEFAULT AS IDENTITY (
    SEQUENCE NAME public.accounts_user_id_seq
    START WITH 1
    INCREMENT BY 1
    NO MINVALUE
    NO MAXVALUE
    CACHE 1
);


--
-- Name: accounts_user_user_permissions; Type: TABLE; Schema: public; Owner: postgres
--

CREATE TABLE public.accounts_user_user_permissions (
    id bigint NOT NULL,
    user_id bigint NOT NULL,
    permission_id integer NOT NULL
);


ALTER TABLE public.accounts_user_user_permissions OWNER TO postgres;

--
-- Name: accounts_user_user_permissions_id_seq; Type: SEQUENCE; Schema: public; Owner: postgres
--

ALTER TABLE public.accounts_user_user_permissions ALTER COLUMN id ADD GENERATED BY DEFAULT AS IDENTITY (
    SEQUENCE NAME public.accounts_user_user_permissions_id_seq
    START WITH 1
    INCREMENT BY 1
    NO MINVALUE
    NO MAXVALUE
    CACHE 1
);


--
-- Name: adminpanel_group; Type: TABLE; Schema: public; Owner: postgres
--

CREATE TABLE public.adminpanel_group (
    id bigint NOT NULL,
    name character varying(100) NOT NULL,
    student_count integer NOT NULL,
    CONSTRAINT adminpanel_group_student_count_check CHECK ((student_count >= 0))
);


ALTER TABLE public.adminpanel_group OWNER TO postgres;

--
-- Name: adminpanel_group_id_seq; Type: SEQUENCE; Schema: public; Owner: postgres
--

ALTER TABLE public.adminpanel_group ALTER COLUMN id ADD GENERATED BY DEFAULT AS IDENTITY (
    SEQUENCE NAME public.adminpanel_group_id_seq
    START WITH 1
    INCREMENT BY 1
    NO MINVALUE
    NO MAXVALUE
    CACHE 1
);


--
-- Name: adminpanel_subject; Type: TABLE; Schema: public; Owner: postgres
--

CREATE TABLE public.adminpanel_subject (
    id bigint NOT NULL,
    name character varying(100) NOT NULL
);


ALTER TABLE public.adminpanel_subject OWNER TO postgres;

--
-- Name: adminpanel_subject_id_seq; Type: SEQUENCE; Schema: public; Owner: postgres
--

ALTER TABLE public.adminpanel_subject ALTER COLUMN id ADD GENERATED BY DEFAULT AS IDENTITY (
    SEQUENCE NAME public.adminpanel_subject_id_seq
    START WITH 1
    INCREMENT BY 1
    NO MINVALUE
    NO MAXVALUE
    CACHE 1
);


--
-- Name: adminpanel_teachingassignment; Type: TABLE; Schema: public; Owner: postgres
--

CREATE TABLE public.adminpanel_teachingassignment (
    id bigint NOT NULL,
    group_id bigint NOT NULL,
    subject_id bigint NOT NULL,
    teacher_id bigint NOT NULL
);


ALTER TABLE public.adminpanel_teachingassignment OWNER TO postgres;

--
-- Name: adminpanel_teachingassignment_id_seq; Type: SEQUENCE; Schema: public; Owner: postgres
--

ALTER TABLE public.adminpanel_teachingassignment ALTER COLUMN id ADD GENERATED BY DEFAULT AS IDENTITY (
    SEQUENCE NAME public.adminpanel_teachingassignment_id_seq
    START WITH 1
    INCREMENT BY 1
    NO MINVALUE
    NO MAXVALUE
    CACHE 1
);


--
-- Name: attendances; Type: TABLE; Schema: public; Owner: postgres
--

CREATE TABLE public.attendances (
    id integer NOT NULL,
    lesson_id integer NOT NULL,
    student_id integer NOT NULL,
    status character varying NOT NULL,
    CONSTRAINT attendances_status_check CHECK (((status)::text = ANY ((ARRAY['present'::character varying, 'absent'::character varying, 'late'::character varying, 'excused'::character varying])::text[])))
);


ALTER TABLE public.attendances OWNER TO postgres;

--
-- Name: attendances_id_seq; Type: SEQUENCE; Schema: public; Owner: postgres
--

CREATE SEQUENCE public.attendances_id_seq
    AS integer
    START WITH 1
    INCREMENT BY 1
    NO MINVALUE
    NO MAXVALUE
    CACHE 1;


ALTER SEQUENCE public.attendances_id_seq OWNER TO postgres;

--
-- Name: attendances_id_seq; Type: SEQUENCE OWNED BY; Schema: public; Owner: postgres
--

ALTER SEQUENCE public.attendances_id_seq OWNED BY public.attendances.id;


--
-- Name: auth_group; Type: TABLE; Schema: public; Owner: postgres
--

CREATE TABLE public.auth_group (
    id integer NOT NULL,
    name character varying(150) NOT NULL
);


ALTER TABLE public.auth_group OWNER TO postgres;

--
-- Name: auth_group_id_seq; Type: SEQUENCE; Schema: public; Owner: postgres
--

ALTER TABLE public.auth_group ALTER COLUMN id ADD GENERATED BY DEFAULT AS IDENTITY (
    SEQUENCE NAME public.auth_group_id_seq
    START WITH 1
    INCREMENT BY 1
    NO MINVALUE
    NO MAXVALUE
    CACHE 1
);


--
-- Name: auth_group_permissions; Type: TABLE; Schema: public; Owner: postgres
--

CREATE TABLE public.auth_group_permissions (
    id bigint NOT NULL,
    group_id integer NOT NULL,
    permission_id integer NOT NULL
);


ALTER TABLE public.auth_group_permissions OWNER TO postgres;

--
-- Name: auth_group_permissions_id_seq; Type: SEQUENCE; Schema: public; Owner: postgres
--

ALTER TABLE public.auth_group_permissions ALTER COLUMN id ADD GENERATED BY DEFAULT AS IDENTITY (
    SEQUENCE NAME public.auth_group_permissions_id_seq
    START WITH 1
    INCREMENT BY 1
    NO MINVALUE
    NO MAXVALUE
    CACHE 1
);


--
-- Name: auth_permission; Type: TABLE; Schema: public; Owner: postgres
--

CREATE TABLE public.auth_permission (
    id integer NOT NULL,
    name character varying(255) NOT NULL,
    content_type_id integer NOT NULL,
    codename character varying(100) NOT NULL
);


ALTER TABLE public.auth_permission OWNER TO postgres;

--
-- Name: auth_permission_id_seq; Type: SEQUENCE; Schema: public; Owner: postgres
--

ALTER TABLE public.auth_permission ALTER COLUMN id ADD GENERATED BY DEFAULT AS IDENTITY (
    SEQUENCE NAME public.auth_permission_id_seq
    START WITH 1
    INCREMENT BY 1
    NO MINVALUE
    NO MAXVALUE
    CACHE 1
);


--
-- Name: comments; Type: TABLE; Schema: public; Owner: postgres
--

CREATE TABLE public.comments (
    id integer NOT NULL,
    lesson_id integer NOT NULL,
    author_id integer NOT NULL,
    text text NOT NULL,
    "timestamp" timestamp without time zone DEFAULT CURRENT_TIMESTAMP
);


ALTER TABLE public.comments OWNER TO postgres;

--
-- Name: comments_id_seq; Type: SEQUENCE; Schema: public; Owner: postgres
--

CREATE SEQUENCE public.comments_id_seq
    AS integer
    START WITH 1
    INCREMENT BY 1
    NO MINVALUE
    NO MAXVALUE
    CACHE 1;


ALTER SEQUENCE public.comments_id_seq OWNER TO postgres;

--
-- Name: comments_id_seq; Type: SEQUENCE OWNED BY; Schema: public; Owner: postgres
--

ALTER SEQUENCE public.comments_id_seq OWNED BY public.comments.id;


--
-- Name: communication_channel; Type: TABLE; Schema: public; Owner: postgres
--

CREATE TABLE public.communication_channel (
    id bigint NOT NULL,
    name character varying(100) NOT NULL,
    description text NOT NULL,
    created_at timestamp with time zone NOT NULL
);


ALTER TABLE public.communication_channel OWNER TO postgres;

--
-- Name: communication_channel_id_seq; Type: SEQUENCE; Schema: public; Owner: postgres
--

ALTER TABLE public.communication_channel ALTER COLUMN id ADD GENERATED BY DEFAULT AS IDENTITY (
    SEQUENCE NAME public.communication_channel_id_seq
    START WITH 1
    INCREMENT BY 1
    NO MINVALUE
    NO MAXVALUE
    CACHE 1
);


--
-- Name: communication_channel_participants; Type: TABLE; Schema: public; Owner: postgres
--

CREATE TABLE public.communication_channel_participants (
    id bigint NOT NULL,
    channel_id bigint NOT NULL,
    user_id bigint NOT NULL
);


ALTER TABLE public.communication_channel_participants OWNER TO postgres;

--
-- Name: communication_channel_participants_id_seq; Type: SEQUENCE; Schema: public; Owner: postgres
--

ALTER TABLE public.communication_channel_participants ALTER COLUMN id ADD GENERATED BY DEFAULT AS IDENTITY (
    SEQUENCE NAME public.communication_channel_participants_id_seq
    START WITH 1
    INCREMENT BY 1
    NO MINVALUE
    NO MAXVALUE
    CACHE 1
);


--
-- Name: communication_message; Type: TABLE; Schema: public; Owner: postgres
--

CREATE TABLE public.communication_message (
    id bigint NOT NULL,
    content text NOT NULL,
    "timestamp" timestamp with time zone NOT NULL,
    channel_id bigint NOT NULL,
    sender_id bigint NOT NULL
);


ALTER TABLE public.communication_message OWNER TO postgres;

--
-- Name: communication_message_id_seq; Type: SEQUENCE; Schema: public; Owner: postgres
--

ALTER TABLE public.communication_message ALTER COLUMN id ADD GENERATED BY DEFAULT AS IDENTITY (
    SEQUENCE NAME public.communication_message_id_seq
    START WITH 1
    INCREMENT BY 1
    NO MINVALUE
    NO MAXVALUE
    CACHE 1
);


--
-- Name: django_admin_log; Type: TABLE; Schema: public; Owner: postgres
--

CREATE TABLE public.django_admin_log (
    id integer NOT NULL,
    action_time timestamp with time zone NOT NULL,
    object_id text,
    object_repr character varying(200) NOT NULL,
    action_flag smallint NOT NULL,
    change_message text NOT NULL,
    content_type_id integer,
    user_id bigint NOT NULL,
    CONSTRAINT django_admin_log_action_flag_check CHECK ((action_flag >= 0))
);


ALTER TABLE public.django_admin_log OWNER TO postgres;

--
-- Name: django_admin_log_id_seq; Type: SEQUENCE; Schema: public; Owner: postgres
--

ALTER TABLE public.django_admin_log ALTER COLUMN id ADD GENERATED BY DEFAULT AS IDENTITY (
    SEQUENCE NAME public.django_admin_log_id_seq
    START WITH 1
    INCREMENT BY 1
    NO MINVALUE
    NO MAXVALUE
    CACHE 1
);


--
-- Name: django_content_type; Type: TABLE; Schema: public; Owner: postgres
--

CREATE TABLE public.django_content_type (
    id integer NOT NULL,
    app_label character varying(100) NOT NULL,
    model character varying(100) NOT NULL
);


ALTER TABLE public.django_content_type OWNER TO postgres;

--
-- Name: django_content_type_id_seq; Type: SEQUENCE; Schema: public; Owner: postgres
--

ALTER TABLE public.django_content_type ALTER COLUMN id ADD GENERATED BY DEFAULT AS IDENTITY (
    SEQUENCE NAME public.django_content_type_id_seq
    START WITH 1
    INCREMENT BY 1
    NO MINVALUE
    NO MAXVALUE
    CACHE 1
);


--
-- Name: django_migrations; Type: TABLE; Schema: public; Owner: postgres
--

CREATE TABLE public.django_migrations (
    id bigint NOT NULL,
    app character varying(255) NOT NULL,
    name character varying(255) NOT NULL,
    applied timestamp with time zone NOT NULL
);


ALTER TABLE public.django_migrations OWNER TO postgres;

--
-- Name: django_migrations_id_seq; Type: SEQUENCE; Schema: public; Owner: postgres
--

ALTER TABLE public.django_migrations ALTER COLUMN id ADD GENERATED BY DEFAULT AS IDENTITY (
    SEQUENCE NAME public.django_migrations_id_seq
    START WITH 1
    INCREMENT BY 1
    NO MINVALUE
    NO MAXVALUE
    CACHE 1
);


--
-- Name: django_session; Type: TABLE; Schema: public; Owner: postgres
--

CREATE TABLE public.django_session (
    session_key character varying(40) NOT NULL,
    session_data text NOT NULL,
    expire_date timestamp with time zone NOT NULL
);


ALTER TABLE public.django_session OWNER TO postgres;

--
-- Name: groups; Type: TABLE; Schema: public; Owner: postgres
--

CREATE TABLE public.groups (
    id integer NOT NULL,
    name character varying NOT NULL,
    student_count integer NOT NULL
);


ALTER TABLE public.groups OWNER TO postgres;

--
-- Name: groups_id_seq; Type: SEQUENCE; Schema: public; Owner: postgres
--

CREATE SEQUENCE public.groups_id_seq
    AS integer
    START WITH 1
    INCREMENT BY 1
    NO MINVALUE
    NO MAXVALUE
    CACHE 1;


ALTER SEQUENCE public.groups_id_seq OWNER TO postgres;

--
-- Name: groups_id_seq; Type: SEQUENCE OWNED BY; Schema: public; Owner: postgres
--

ALTER SEQUENCE public.groups_id_seq OWNED BY public.groups.id;


--
-- Name: lessons; Type: TABLE; Schema: public; Owner: postgres
--

CREATE TABLE public.lessons (
    id integer NOT NULL,
    teaching_assignment_id integer NOT NULL,
    topic character varying NOT NULL,
    datetime timestamp without time zone NOT NULL,
    link character varying
);


ALTER TABLE public.lessons OWNER TO postgres;

--
-- Name: lessons_id_seq; Type: SEQUENCE; Schema: public; Owner: postgres
--

CREATE SEQUENCE public.lessons_id_seq
    AS integer
    START WITH 1
    INCREMENT BY 1
    NO MINVALUE
    NO MAXVALUE
    CACHE 1;


ALTER SEQUENCE public.lessons_id_seq OWNER TO postgres;

--
-- Name: lessons_id_seq; Type: SEQUENCE OWNED BY; Schema: public; Owner: postgres
--

ALTER SEQUENCE public.lessons_id_seq OWNED BY public.lessons.id;


--
-- Name: subjects; Type: TABLE; Schema: public; Owner: postgres
--

CREATE TABLE public.subjects (
    id integer NOT NULL,
    name character varying NOT NULL
);


ALTER TABLE public.subjects OWNER TO postgres;

--
-- Name: subjects_id_seq; Type: SEQUENCE; Schema: public; Owner: postgres
--

CREATE SEQUENCE public.subjects_id_seq
    AS integer
    START WITH 1
    INCREMENT BY 1
    NO MINVALUE
    NO MAXVALUE
    CACHE 1;


ALTER SEQUENCE public.subjects_id_seq OWNER TO postgres;

--
-- Name: subjects_id_seq; Type: SEQUENCE OWNED BY; Schema: public; Owner: postgres
--

ALTER SEQUENCE public.subjects_id_seq OWNED BY public.subjects.id;


--
-- Name: teaching_assignments; Type: TABLE; Schema: public; Owner: postgres
--

CREATE TABLE public.teaching_assignments (
    id integer NOT NULL,
    teacher_id integer NOT NULL,
    subject_id integer NOT NULL,
    group_id integer NOT NULL
);


ALTER TABLE public.teaching_assignments OWNER TO postgres;

--
-- Name: teaching_assignments_id_seq; Type: SEQUENCE; Schema: public; Owner: postgres
--

CREATE SEQUENCE public.teaching_assignments_id_seq
    AS integer
    START WITH 1
    INCREMENT BY 1
    NO MINVALUE
    NO MAXVALUE
    CACHE 1;


ALTER SEQUENCE public.teaching_assignments_id_seq OWNER TO postgres;

--
-- Name: teaching_assignments_id_seq; Type: SEQUENCE OWNED BY; Schema: public; Owner: postgres
--

ALTER SEQUENCE public.teaching_assignments_id_seq OWNED BY public.teaching_assignments.id;


--
-- Name: users; Type: TABLE; Schema: public; Owner: postgres
--

CREATE TABLE public.users (
    id integer NOT NULL,
    name character varying NOT NULL,
    username character varying NOT NULL,
    password character varying NOT NULL,
    role character varying NOT NULL,
    group_id integer,
    "position" character varying,
    CONSTRAINT users_role_check CHECK (((role)::text = ANY ((ARRAY['student'::character varying, 'teacher'::character varying, 'admin'::character varying])::text[])))
);


ALTER TABLE public.users OWNER TO postgres;

--
-- Name: users_id_seq; Type: SEQUENCE; Schema: public; Owner: postgres
--

CREATE SEQUENCE public.users_id_seq
    AS integer
    START WITH 1
    INCREMENT BY 1
    NO MINVALUE
    NO MAXVALUE
    CACHE 1;


ALTER SEQUENCE public.users_id_seq OWNER TO postgres;

--
-- Name: users_id_seq; Type: SEQUENCE OWNED BY; Schema: public; Owner: postgres
--

ALTER SEQUENCE public.users_id_seq OWNED BY public.users.id;


--
-- Name: attendances id; Type: DEFAULT; Schema: public; Owner: postgres
--

ALTER TABLE ONLY public.attendances ALTER COLUMN id SET DEFAULT nextval('public.attendances_id_seq'::regclass);


--
-- Name: comments id; Type: DEFAULT; Schema: public; Owner: postgres
--

ALTER TABLE ONLY public.comments ALTER COLUMN id SET DEFAULT nextval('public.comments_id_seq'::regclass);


--
-- Name: groups id; Type: DEFAULT; Schema: public; Owner: postgres
--

ALTER TABLE ONLY public.groups ALTER COLUMN id SET DEFAULT nextval('public.groups_id_seq'::regclass);


--
-- Name: lessons id; Type: DEFAULT; Schema: public; Owner: postgres
--

ALTER TABLE ONLY public.lessons ALTER COLUMN id SET DEFAULT nextval('public.lessons_id_seq'::regclass);


--
-- Name: subjects id; Type: DEFAULT; Schema: public; Owner: postgres
--

ALTER TABLE ONLY public.subjects ALTER COLUMN id SET DEFAULT nextval('public.subjects_id_seq'::regclass);


--
-- Name: teaching_assignments id; Type: DEFAULT; Schema: public; Owner: postgres
--

ALTER TABLE ONLY public.teaching_assignments ALTER COLUMN id SET DEFAULT nextval('public.teaching_assignments_id_seq'::regclass);


--
-- Name: users id; Type: DEFAULT; Schema: public; Owner: postgres
--

ALTER TABLE ONLY public.users ALTER COLUMN id SET DEFAULT nextval('public.users_id_seq'::regclass);


--
-- Data for Name: accounts_user; Type: TABLE DATA; Schema: public; Owner: postgres
--

COPY public.accounts_user (id, password, last_login, is_superuser, username, is_staff, is_active, date_joined, role, "position", group_id, name, student_number) FROM stdin;
5	pbkdf2_sha256$1000000$Svh1VuESv4ha8cEXZtLxvE$qCblxdtyVCnCmWv8zI65ZOM8nvSEIDNrVVxt+9CptQk=	\N	f	testovtt	f	t	2025-04-23 11:05:52.420433+07	студент	\N	1	Тестов Тест Тестович	123321
1	pbkdf2_sha256$1000000$dSSAYovZvUilzfZncSSU6M$vkSCKrJ0CAw357mzz5oXQLh9Mqxyw4dpW5746BM31nM=	2025-04-23 13:31:44.746838+07	t	admin	t	t	2025-04-22 15:46:42.699314+07	admin	\N	\N	admin	\N
6	pbkdf2_sha256$1000000$Gb3dKsbD6OXIrPbB86t5Vg$T2kQ+XFBu2rXqYxvp1bndVmE9FB3oNzi55K9h9s8J4o=	2025-04-23 13:31:59.820813+07	t	ad	t	t	2025-04-23 12:32:33.902048+07	админ	\N	\N	Админов Админ Админович	\N
2	pbkdf2_sha256$1000000$PGi7RG2Ow0qBOXe9P3XNFX$HnkvCKoWYrT0rSrpIqZnawK5QOweeYT9btT1Kgk8Ooc=	\N	f	studentovss	f	t	2025-04-23 15:21:04.426249+07	студент	\N	1	Студентов Студент Сдудентович	11111
\.


--
-- Data for Name: accounts_user_groups; Type: TABLE DATA; Schema: public; Owner: postgres
--

COPY public.accounts_user_groups (id, user_id, group_id) FROM stdin;
\.


--
-- Data for Name: accounts_user_user_permissions; Type: TABLE DATA; Schema: public; Owner: postgres
--

COPY public.accounts_user_user_permissions (id, user_id, permission_id) FROM stdin;
\.


--
-- Data for Name: adminpanel_group; Type: TABLE DATA; Schema: public; Owner: postgres
--

COPY public.adminpanel_group (id, name, student_count) FROM stdin;
1	ИЭ-12	16
\.


--
-- Data for Name: adminpanel_subject; Type: TABLE DATA; Schema: public; Owner: postgres
--

COPY public.adminpanel_subject (id, name) FROM stdin;
\.


--
-- Data for Name: adminpanel_teachingassignment; Type: TABLE DATA; Schema: public; Owner: postgres
--

COPY public.adminpanel_teachingassignment (id, group_id, subject_id, teacher_id) FROM stdin;
\.


--
-- Data for Name: attendances; Type: TABLE DATA; Schema: public; Owner: postgres
--

COPY public.attendances (id, lesson_id, student_id, status) FROM stdin;
\.


--
-- Data for Name: auth_group; Type: TABLE DATA; Schema: public; Owner: postgres
--

COPY public.auth_group (id, name) FROM stdin;
\.


--
-- Data for Name: auth_group_permissions; Type: TABLE DATA; Schema: public; Owner: postgres
--

COPY public.auth_group_permissions (id, group_id, permission_id) FROM stdin;
\.


--
-- Data for Name: auth_permission; Type: TABLE DATA; Schema: public; Owner: postgres
--

COPY public.auth_permission (id, name, content_type_id, codename) FROM stdin;
1	Can add log entry	1	add_logentry
2	Can change log entry	1	change_logentry
3	Can delete log entry	1	delete_logentry
4	Can view log entry	1	view_logentry
5	Can add permission	2	add_permission
6	Can change permission	2	change_permission
7	Can delete permission	2	delete_permission
8	Can view permission	2	view_permission
9	Can add group	3	add_group
10	Can change group	3	change_group
11	Can delete group	3	delete_group
12	Can view group	3	view_group
13	Can add content type	4	add_contenttype
14	Can change content type	4	change_contenttype
15	Can delete content type	4	delete_contenttype
16	Can view content type	4	view_contenttype
17	Can add session	5	add_session
18	Can change session	5	change_session
19	Can delete session	5	delete_session
20	Can view session	5	view_session
21	Can add user	6	add_user
22	Can change user	6	change_user
23	Can delete user	6	delete_user
24	Can view user	6	view_user
25	Can add group	7	add_group
26	Can change group	7	change_group
27	Can delete group	7	delete_group
28	Can view group	7	view_group
29	Can add subject	8	add_subject
30	Can change subject	8	change_subject
31	Can delete subject	8	delete_subject
32	Can view subject	8	view_subject
33	Can add teaching assignment	9	add_teachingassignment
34	Can change teaching assignment	9	change_teachingassignment
35	Can delete teaching assignment	9	delete_teachingassignment
36	Can view teaching assignment	9	view_teachingassignment
37	Can add channel	10	add_channel
38	Can change channel	10	change_channel
39	Can delete channel	10	delete_channel
40	Can view channel	10	view_channel
41	Can add message	11	add_message
42	Can change message	11	change_message
43	Can delete message	11	delete_message
44	Can view message	11	view_message
\.


--
-- Data for Name: comments; Type: TABLE DATA; Schema: public; Owner: postgres
--

COPY public.comments (id, lesson_id, author_id, text, "timestamp") FROM stdin;
\.


--
-- Data for Name: communication_channel; Type: TABLE DATA; Schema: public; Owner: postgres
--

COPY public.communication_channel (id, name, description, created_at) FROM stdin;
2	Генеральный	блаблабла	2025-04-24 10:45:50.525428+07
\.


--
-- Data for Name: communication_channel_participants; Type: TABLE DATA; Schema: public; Owner: postgres
--

COPY public.communication_channel_participants (id, channel_id, user_id) FROM stdin;
134	2	6
136	2	5
\.


--
-- Data for Name: communication_message; Type: TABLE DATA; Schema: public; Owner: postgres
--

COPY public.communication_message (id, content, "timestamp", channel_id, sender_id) FROM stdin;
\.


--
-- Data for Name: django_admin_log; Type: TABLE DATA; Schema: public; Owner: postgres
--

COPY public.django_admin_log (id, action_time, object_id, object_repr, action_flag, change_message, content_type_id, user_id) FROM stdin;
1	2025-04-22 16:12:35.078969+07	2	studentovss	1	[{"added": {}}]	6	1
2	2025-04-22 16:57:03.180532+07	2	studentovss	3		6	1
3	2025-04-22 16:57:15.094864+07	3	fio	1	[{"added": {}}]	6	1
4	2025-04-22 17:00:33.478996+07	3	fio	2	[]	6	1
5	2025-04-22 17:08:05.724877+07	3	fio	3		6	1
6	2025-04-23 09:46:23.211806+07	4	fio	1	[{"added": {}}]	6	1
7	2025-04-23 11:05:52.427433+07	5	testovtt	1	[{"added": {}}]	6	1
8	2025-04-23 11:16:09.425867+07	5	testovtt	2	[{"changed": {"fields": ["Role", "\\u041d\\u043e\\u043c\\u0435\\u0440 \\u0437\\u0430\\u0447\\u0451\\u0442\\u043a\\u0438"]}}]	6	1
9	2025-04-23 11:16:57.648635+07	1	ИЭ-12	1	[{"added": {}}]	7	1
10	2025-04-23 11:17:00.337343+07	5	testovtt	2	[{"changed": {"fields": ["Group"]}}]	6	1
11	2025-04-23 12:32:33.910049+07	6	ad	1	[{"added": {}}]	6	1
12	2025-04-23 12:32:41.853135+07	6	ad	2	[{"changed": {"fields": ["Role"]}}]	6	1
13	2025-04-23 12:32:51.702473+07	6	ad	2	[{"changed": {"fields": ["Role", "Is staff"]}}]	6	1
14	2025-04-23 12:38:48.595638+07	6	ad	2	[{"changed": {"fields": ["Role"]}}]	6	1
15	2025-04-23 12:49:38.992867+07	6	ad	2	[{"changed": {"fields": ["Role"]}}]	6	1
16	2025-04-23 12:49:43.465095+07	6	ad	2	[{"changed": {"fields": ["Role"]}}]	6	1
17	2025-04-23 12:49:48.261423+07	6	ad	2	[{"changed": {"fields": ["Role"]}}]	6	1
18	2025-04-23 13:31:51.229329+07	6	ad	2	[{"changed": {"fields": ["Superuser status"]}}]	6	1
19	2025-04-23 15:19:52.754585+07	4	fio	3		6	6
20	2025-04-23 15:21:04.441246+07	2	studentovss	1	[{"added": {}}]	6	6
21	2025-04-23 15:57:11.735409+07	1	General	1	[{"added": {}}]	10	6
22	2025-04-24 10:45:38.556172+07	1	General	3		10	6
23	2025-04-24 10:45:50.528428+07	2	Генеральный	1	[{"added": {}}]	10	6
\.


--
-- Data for Name: django_content_type; Type: TABLE DATA; Schema: public; Owner: postgres
--

COPY public.django_content_type (id, app_label, model) FROM stdin;
1	admin	logentry
2	auth	permission
3	auth	group
4	contenttypes	contenttype
5	sessions	session
6	accounts	user
7	adminpanel	group
8	adminpanel	subject
9	adminpanel	teachingassignment
10	communication	channel
11	communication	message
\.


--
-- Data for Name: django_migrations; Type: TABLE DATA; Schema: public; Owner: postgres
--

COPY public.django_migrations (id, app, name, applied) FROM stdin;
1	contenttypes	0001_initial	2025-04-22 14:47:31.908375+07
2	contenttypes	0002_remove_content_type_name	2025-04-22 14:47:31.912376+07
3	auth	0001_initial	2025-04-22 14:47:31.936376+07
4	auth	0002_alter_permission_name_max_length	2025-04-22 14:47:31.939374+07
5	auth	0003_alter_user_email_max_length	2025-04-22 14:47:31.941374+07
6	auth	0004_alter_user_username_opts	2025-04-22 14:47:31.944376+07
7	auth	0005_alter_user_last_login_null	2025-04-22 14:47:31.948376+07
8	auth	0006_require_contenttypes_0002	2025-04-22 14:47:31.948376+07
9	auth	0007_alter_validators_add_error_messages	2025-04-22 14:47:31.952374+07
10	auth	0008_alter_user_username_max_length	2025-04-22 14:47:31.955374+07
11	auth	0009_alter_user_last_name_max_length	2025-04-22 14:47:31.958374+07
12	auth	0010_alter_group_name_max_length	2025-04-22 14:47:31.962376+07
13	auth	0011_update_proxy_permissions	2025-04-22 14:47:31.965376+07
14	auth	0012_alter_user_first_name_max_length	2025-04-22 14:47:31.967374+07
15	accounts	0001_initial	2025-04-22 14:47:31.975375+07
16	adminpanel	0001_initial	2025-04-22 14:47:31.991377+07
17	accounts	0002_initial	2025-04-22 14:47:32.017376+07
18	admin	0001_initial	2025-04-22 14:47:32.030375+07
19	admin	0002_logentry_remove_auto_add	2025-04-22 14:47:32.036374+07
20	admin	0003_logentry_add_action_flag_choices	2025-04-22 14:47:32.041375+07
21	sessions	0001_initial	2025-04-22 14:47:32.047376+07
22	accounts	0003_auto_20250422_1535	2025-04-22 15:46:16.009678+07
23	accounts	0004_alter_user_options_alter_user_managers_and_more	2025-04-22 15:46:16.066676+07
24	adminpanel	0002_alter_teachingassignment_teacher	2025-04-22 15:46:16.074676+07
25	accounts	0005_user_student_number_alter_user_name_alter_user_role	2025-04-23 11:12:03.274076+07
26	communication	0001_initial	2025-04-23 15:52:20.595848+07
27	communication	0002_message	2025-04-24 13:05:06.912518+07
\.


--
-- Data for Name: django_session; Type: TABLE DATA; Schema: public; Owner: postgres
--

COPY public.django_session (session_key, session_data, expire_date) FROM stdin;
fes50qex3zbazlf56f20vzc0d140xu40	.eJxVjE0OwiAYBe_C2hBKaQsu3XsG8v0hVQNJaVfGu2uTLnT7Zua9VIRtzXFrssSZ1VmN6vS7IdBDyg74DuVWNdWyLjPqXdEHbfpaWZ6Xw_07yNDytxYJicF4Bw4xmKET6EPXc7BTwp7IM-IkKGbwZEHI0ei8Dc4xCSRi9f4AFcw5hQ:1u7TeJ:Wftxl6anSAAhOcg51ZmjXk9MH9jlcz3dTSbcagQwer0	2025-05-07 13:31:59.821813+07
\.


--
-- Data for Name: groups; Type: TABLE DATA; Schema: public; Owner: postgres
--

COPY public.groups (id, name, student_count) FROM stdin;
0	Нет группы	1
1	ИЭ-21	16
\.


--
-- Data for Name: lessons; Type: TABLE DATA; Schema: public; Owner: postgres
--

COPY public.lessons (id, teaching_assignment_id, topic, datetime, link) FROM stdin;
\.


--
-- Data for Name: subjects; Type: TABLE DATA; Schema: public; Owner: postgres
--

COPY public.subjects (id, name) FROM stdin;
\.


--
-- Data for Name: teaching_assignments; Type: TABLE DATA; Schema: public; Owner: postgres
--

COPY public.teaching_assignments (id, teacher_id, subject_id, group_id) FROM stdin;
\.


--
-- Data for Name: users; Type: TABLE DATA; Schema: public; Owner: postgres
--

COPY public.users (id, name, username, password, role, group_id, "position") FROM stdin;
0	Иванов Иван Иванович	ivanovii	123321	admin	0	порофессор
1	Максимом Максим Максимович	maksimovmm	123321	teacher	0	порофессор
2	Студентов Студент Студентович	studentovss	123321	student	1	\N
\.


--
-- Name: accounts_user_groups_id_seq; Type: SEQUENCE SET; Schema: public; Owner: postgres
--

SELECT pg_catalog.setval('public.accounts_user_groups_id_seq', 1, false);


--
-- Name: accounts_user_id_seq; Type: SEQUENCE SET; Schema: public; Owner: postgres
--

SELECT pg_catalog.setval('public.accounts_user_id_seq', 6, true);


--
-- Name: accounts_user_user_permissions_id_seq; Type: SEQUENCE SET; Schema: public; Owner: postgres
--

SELECT pg_catalog.setval('public.accounts_user_user_permissions_id_seq', 1, false);


--
-- Name: adminpanel_group_id_seq; Type: SEQUENCE SET; Schema: public; Owner: postgres
--

SELECT pg_catalog.setval('public.adminpanel_group_id_seq', 1, true);


--
-- Name: adminpanel_subject_id_seq; Type: SEQUENCE SET; Schema: public; Owner: postgres
--

SELECT pg_catalog.setval('public.adminpanel_subject_id_seq', 1, false);


--
-- Name: adminpanel_teachingassignment_id_seq; Type: SEQUENCE SET; Schema: public; Owner: postgres
--

SELECT pg_catalog.setval('public.adminpanel_teachingassignment_id_seq', 1, false);


--
-- Name: attendances_id_seq; Type: SEQUENCE SET; Schema: public; Owner: postgres
--

SELECT pg_catalog.setval('public.attendances_id_seq', 1, false);


--
-- Name: auth_group_id_seq; Type: SEQUENCE SET; Schema: public; Owner: postgres
--

SELECT pg_catalog.setval('public.auth_group_id_seq', 1, false);


--
-- Name: auth_group_permissions_id_seq; Type: SEQUENCE SET; Schema: public; Owner: postgres
--

SELECT pg_catalog.setval('public.auth_group_permissions_id_seq', 1, false);


--
-- Name: auth_permission_id_seq; Type: SEQUENCE SET; Schema: public; Owner: postgres
--

SELECT pg_catalog.setval('public.auth_permission_id_seq', 44, true);


--
-- Name: comments_id_seq; Type: SEQUENCE SET; Schema: public; Owner: postgres
--

SELECT pg_catalog.setval('public.comments_id_seq', 1, false);


--
-- Name: communication_channel_id_seq; Type: SEQUENCE SET; Schema: public; Owner: postgres
--

SELECT pg_catalog.setval('public.communication_channel_id_seq', 2, true);


--
-- Name: communication_channel_participants_id_seq; Type: SEQUENCE SET; Schema: public; Owner: postgres
--

SELECT pg_catalog.setval('public.communication_channel_participants_id_seq', 137, true);


--
-- Name: communication_message_id_seq; Type: SEQUENCE SET; Schema: public; Owner: postgres
--

SELECT pg_catalog.setval('public.communication_message_id_seq', 42, true);


--
-- Name: django_admin_log_id_seq; Type: SEQUENCE SET; Schema: public; Owner: postgres
--

SELECT pg_catalog.setval('public.django_admin_log_id_seq', 23, true);


--
-- Name: django_content_type_id_seq; Type: SEQUENCE SET; Schema: public; Owner: postgres
--

SELECT pg_catalog.setval('public.django_content_type_id_seq', 11, true);


--
-- Name: django_migrations_id_seq; Type: SEQUENCE SET; Schema: public; Owner: postgres
--

SELECT pg_catalog.setval('public.django_migrations_id_seq', 27, true);


--
-- Name: groups_id_seq; Type: SEQUENCE SET; Schema: public; Owner: postgres
--

SELECT pg_catalog.setval('public.groups_id_seq', 1, false);


--
-- Name: lessons_id_seq; Type: SEQUENCE SET; Schema: public; Owner: postgres
--

SELECT pg_catalog.setval('public.lessons_id_seq', 1, false);


--
-- Name: subjects_id_seq; Type: SEQUENCE SET; Schema: public; Owner: postgres
--

SELECT pg_catalog.setval('public.subjects_id_seq', 1, false);


--
-- Name: teaching_assignments_id_seq; Type: SEQUENCE SET; Schema: public; Owner: postgres
--

SELECT pg_catalog.setval('public.teaching_assignments_id_seq', 1, false);


--
-- Name: users_id_seq; Type: SEQUENCE SET; Schema: public; Owner: postgres
--

SELECT pg_catalog.setval('public.users_id_seq', 1, false);


--
-- Name: accounts_user_groups accounts_user_groups_pkey; Type: CONSTRAINT; Schema: public; Owner: postgres
--

ALTER TABLE ONLY public.accounts_user_groups
    ADD CONSTRAINT accounts_user_groups_pkey PRIMARY KEY (id);


--
-- Name: accounts_user_groups accounts_user_groups_user_id_group_id_59c0b32f_uniq; Type: CONSTRAINT; Schema: public; Owner: postgres
--

ALTER TABLE ONLY public.accounts_user_groups
    ADD CONSTRAINT accounts_user_groups_user_id_group_id_59c0b32f_uniq UNIQUE (user_id, group_id);


--
-- Name: accounts_user accounts_user_pkey; Type: CONSTRAINT; Schema: public; Owner: postgres
--

ALTER TABLE ONLY public.accounts_user
    ADD CONSTRAINT accounts_user_pkey PRIMARY KEY (id);


--
-- Name: accounts_user_user_permissions accounts_user_user_permi_user_id_permission_id_2ab516c2_uniq; Type: CONSTRAINT; Schema: public; Owner: postgres
--

ALTER TABLE ONLY public.accounts_user_user_permissions
    ADD CONSTRAINT accounts_user_user_permi_user_id_permission_id_2ab516c2_uniq UNIQUE (user_id, permission_id);


--
-- Name: accounts_user_user_permissions accounts_user_user_permissions_pkey; Type: CONSTRAINT; Schema: public; Owner: postgres
--

ALTER TABLE ONLY public.accounts_user_user_permissions
    ADD CONSTRAINT accounts_user_user_permissions_pkey PRIMARY KEY (id);


--
-- Name: accounts_user accounts_user_username_key; Type: CONSTRAINT; Schema: public; Owner: postgres
--

ALTER TABLE ONLY public.accounts_user
    ADD CONSTRAINT accounts_user_username_key UNIQUE (username);


--
-- Name: adminpanel_group adminpanel_group_pkey; Type: CONSTRAINT; Schema: public; Owner: postgres
--

ALTER TABLE ONLY public.adminpanel_group
    ADD CONSTRAINT adminpanel_group_pkey PRIMARY KEY (id);


--
-- Name: adminpanel_subject adminpanel_subject_pkey; Type: CONSTRAINT; Schema: public; Owner: postgres
--

ALTER TABLE ONLY public.adminpanel_subject
    ADD CONSTRAINT adminpanel_subject_pkey PRIMARY KEY (id);


--
-- Name: adminpanel_teachingassignment adminpanel_teachingassignment_pkey; Type: CONSTRAINT; Schema: public; Owner: postgres
--

ALTER TABLE ONLY public.adminpanel_teachingassignment
    ADD CONSTRAINT adminpanel_teachingassignment_pkey PRIMARY KEY (id);


--
-- Name: attendances attendances_pkey; Type: CONSTRAINT; Schema: public; Owner: postgres
--

ALTER TABLE ONLY public.attendances
    ADD CONSTRAINT attendances_pkey PRIMARY KEY (id);


--
-- Name: auth_group auth_group_name_key; Type: CONSTRAINT; Schema: public; Owner: postgres
--

ALTER TABLE ONLY public.auth_group
    ADD CONSTRAINT auth_group_name_key UNIQUE (name);


--
-- Name: auth_group_permissions auth_group_permissions_group_id_permission_id_0cd325b0_uniq; Type: CONSTRAINT; Schema: public; Owner: postgres
--

ALTER TABLE ONLY public.auth_group_permissions
    ADD CONSTRAINT auth_group_permissions_group_id_permission_id_0cd325b0_uniq UNIQUE (group_id, permission_id);


--
-- Name: auth_group_permissions auth_group_permissions_pkey; Type: CONSTRAINT; Schema: public; Owner: postgres
--

ALTER TABLE ONLY public.auth_group_permissions
    ADD CONSTRAINT auth_group_permissions_pkey PRIMARY KEY (id);


--
-- Name: auth_group auth_group_pkey; Type: CONSTRAINT; Schema: public; Owner: postgres
--

ALTER TABLE ONLY public.auth_group
    ADD CONSTRAINT auth_group_pkey PRIMARY KEY (id);


--
-- Name: auth_permission auth_permission_content_type_id_codename_01ab375a_uniq; Type: CONSTRAINT; Schema: public; Owner: postgres
--

ALTER TABLE ONLY public.auth_permission
    ADD CONSTRAINT auth_permission_content_type_id_codename_01ab375a_uniq UNIQUE (content_type_id, codename);


--
-- Name: auth_permission auth_permission_pkey; Type: CONSTRAINT; Schema: public; Owner: postgres
--

ALTER TABLE ONLY public.auth_permission
    ADD CONSTRAINT auth_permission_pkey PRIMARY KEY (id);


--
-- Name: comments comments_pkey; Type: CONSTRAINT; Schema: public; Owner: postgres
--

ALTER TABLE ONLY public.comments
    ADD CONSTRAINT comments_pkey PRIMARY KEY (id);


--
-- Name: communication_channel communication_channel_name_key; Type: CONSTRAINT; Schema: public; Owner: postgres
--

ALTER TABLE ONLY public.communication_channel
    ADD CONSTRAINT communication_channel_name_key UNIQUE (name);


--
-- Name: communication_channel_participants communication_channel_pa_channel_id_user_id_f4bfee6d_uniq; Type: CONSTRAINT; Schema: public; Owner: postgres
--

ALTER TABLE ONLY public.communication_channel_participants
    ADD CONSTRAINT communication_channel_pa_channel_id_user_id_f4bfee6d_uniq UNIQUE (channel_id, user_id);


--
-- Name: communication_channel_participants communication_channel_participants_pkey; Type: CONSTRAINT; Schema: public; Owner: postgres
--

ALTER TABLE ONLY public.communication_channel_participants
    ADD CONSTRAINT communication_channel_participants_pkey PRIMARY KEY (id);


--
-- Name: communication_channel communication_channel_pkey; Type: CONSTRAINT; Schema: public; Owner: postgres
--

ALTER TABLE ONLY public.communication_channel
    ADD CONSTRAINT communication_channel_pkey PRIMARY KEY (id);


--
-- Name: communication_message communication_message_pkey; Type: CONSTRAINT; Schema: public; Owner: postgres
--

ALTER TABLE ONLY public.communication_message
    ADD CONSTRAINT communication_message_pkey PRIMARY KEY (id);


--
-- Name: django_admin_log django_admin_log_pkey; Type: CONSTRAINT; Schema: public; Owner: postgres
--

ALTER TABLE ONLY public.django_admin_log
    ADD CONSTRAINT django_admin_log_pkey PRIMARY KEY (id);


--
-- Name: django_content_type django_content_type_app_label_model_76bd3d3b_uniq; Type: CONSTRAINT; Schema: public; Owner: postgres
--

ALTER TABLE ONLY public.django_content_type
    ADD CONSTRAINT django_content_type_app_label_model_76bd3d3b_uniq UNIQUE (app_label, model);


--
-- Name: django_content_type django_content_type_pkey; Type: CONSTRAINT; Schema: public; Owner: postgres
--

ALTER TABLE ONLY public.django_content_type
    ADD CONSTRAINT django_content_type_pkey PRIMARY KEY (id);


--
-- Name: django_migrations django_migrations_pkey; Type: CONSTRAINT; Schema: public; Owner: postgres
--

ALTER TABLE ONLY public.django_migrations
    ADD CONSTRAINT django_migrations_pkey PRIMARY KEY (id);


--
-- Name: django_session django_session_pkey; Type: CONSTRAINT; Schema: public; Owner: postgres
--

ALTER TABLE ONLY public.django_session
    ADD CONSTRAINT django_session_pkey PRIMARY KEY (session_key);


--
-- Name: groups groups_pkey; Type: CONSTRAINT; Schema: public; Owner: postgres
--

ALTER TABLE ONLY public.groups
    ADD CONSTRAINT groups_pkey PRIMARY KEY (id);


--
-- Name: lessons lessons_pkey; Type: CONSTRAINT; Schema: public; Owner: postgres
--

ALTER TABLE ONLY public.lessons
    ADD CONSTRAINT lessons_pkey PRIMARY KEY (id);


--
-- Name: subjects subjects_pkey; Type: CONSTRAINT; Schema: public; Owner: postgres
--

ALTER TABLE ONLY public.subjects
    ADD CONSTRAINT subjects_pkey PRIMARY KEY (id);


--
-- Name: teaching_assignments teaching_assignments_pkey; Type: CONSTRAINT; Schema: public; Owner: postgres
--

ALTER TABLE ONLY public.teaching_assignments
    ADD CONSTRAINT teaching_assignments_pkey PRIMARY KEY (id);


--
-- Name: users users_pkey; Type: CONSTRAINT; Schema: public; Owner: postgres
--

ALTER TABLE ONLY public.users
    ADD CONSTRAINT users_pkey PRIMARY KEY (id);


--
-- Name: users users_username_key; Type: CONSTRAINT; Schema: public; Owner: postgres
--

ALTER TABLE ONLY public.users
    ADD CONSTRAINT users_username_key UNIQUE (username);


--
-- Name: accounts_user_group_id_e004c65c; Type: INDEX; Schema: public; Owner: postgres
--

CREATE INDEX accounts_user_group_id_e004c65c ON public.accounts_user USING btree (group_id);


--
-- Name: accounts_user_groups_group_id_bd11a704; Type: INDEX; Schema: public; Owner: postgres
--

CREATE INDEX accounts_user_groups_group_id_bd11a704 ON public.accounts_user_groups USING btree (group_id);


--
-- Name: accounts_user_groups_user_id_52b62117; Type: INDEX; Schema: public; Owner: postgres
--

CREATE INDEX accounts_user_groups_user_id_52b62117 ON public.accounts_user_groups USING btree (user_id);


--
-- Name: accounts_user_user_permissions_permission_id_113bb443; Type: INDEX; Schema: public; Owner: postgres
--

CREATE INDEX accounts_user_user_permissions_permission_id_113bb443 ON public.accounts_user_user_permissions USING btree (permission_id);


--
-- Name: accounts_user_user_permissions_user_id_e4f0a161; Type: INDEX; Schema: public; Owner: postgres
--

CREATE INDEX accounts_user_user_permissions_user_id_e4f0a161 ON public.accounts_user_user_permissions USING btree (user_id);


--
-- Name: accounts_user_username_6088629e_like; Type: INDEX; Schema: public; Owner: postgres
--

CREATE INDEX accounts_user_username_6088629e_like ON public.accounts_user USING btree (username varchar_pattern_ops);


--
-- Name: adminpanel_teachingassignment_group_id_6f65d68a; Type: INDEX; Schema: public; Owner: postgres
--

CREATE INDEX adminpanel_teachingassignment_group_id_6f65d68a ON public.adminpanel_teachingassignment USING btree (group_id);


--
-- Name: adminpanel_teachingassignment_subject_id_719312fe; Type: INDEX; Schema: public; Owner: postgres
--

CREATE INDEX adminpanel_teachingassignment_subject_id_719312fe ON public.adminpanel_teachingassignment USING btree (subject_id);


--
-- Name: adminpanel_teachingassignment_teacher_id_35314cc8; Type: INDEX; Schema: public; Owner: postgres
--

CREATE INDEX adminpanel_teachingassignment_teacher_id_35314cc8 ON public.adminpanel_teachingassignment USING btree (teacher_id);


--
-- Name: auth_group_name_a6ea08ec_like; Type: INDEX; Schema: public; Owner: postgres
--

CREATE INDEX auth_group_name_a6ea08ec_like ON public.auth_group USING btree (name varchar_pattern_ops);


--
-- Name: auth_group_permissions_group_id_b120cbf9; Type: INDEX; Schema: public; Owner: postgres
--

CREATE INDEX auth_group_permissions_group_id_b120cbf9 ON public.auth_group_permissions USING btree (group_id);


--
-- Name: auth_group_permissions_permission_id_84c5c92e; Type: INDEX; Schema: public; Owner: postgres
--

CREATE INDEX auth_group_permissions_permission_id_84c5c92e ON public.auth_group_permissions USING btree (permission_id);


--
-- Name: auth_permission_content_type_id_2f476e4b; Type: INDEX; Schema: public; Owner: postgres
--

CREATE INDEX auth_permission_content_type_id_2f476e4b ON public.auth_permission USING btree (content_type_id);


--
-- Name: communication_channel_name_6da64138_like; Type: INDEX; Schema: public; Owner: postgres
--

CREATE INDEX communication_channel_name_6da64138_like ON public.communication_channel USING btree (name varchar_pattern_ops);


--
-- Name: communication_channel_participants_channel_id_5340873f; Type: INDEX; Schema: public; Owner: postgres
--

CREATE INDEX communication_channel_participants_channel_id_5340873f ON public.communication_channel_participants USING btree (channel_id);


--
-- Name: communication_channel_participants_user_id_fc6d76d8; Type: INDEX; Schema: public; Owner: postgres
--

CREATE INDEX communication_channel_participants_user_id_fc6d76d8 ON public.communication_channel_participants USING btree (user_id);


--
-- Name: communication_message_channel_id_8584c942; Type: INDEX; Schema: public; Owner: postgres
--

CREATE INDEX communication_message_channel_id_8584c942 ON public.communication_message USING btree (channel_id);


--
-- Name: communication_message_sender_id_11380a9e; Type: INDEX; Schema: public; Owner: postgres
--

CREATE INDEX communication_message_sender_id_11380a9e ON public.communication_message USING btree (sender_id);


--
-- Name: django_admin_log_content_type_id_c4bce8eb; Type: INDEX; Schema: public; Owner: postgres
--

CREATE INDEX django_admin_log_content_type_id_c4bce8eb ON public.django_admin_log USING btree (content_type_id);


--
-- Name: django_admin_log_user_id_c564eba6; Type: INDEX; Schema: public; Owner: postgres
--

CREATE INDEX django_admin_log_user_id_c564eba6 ON public.django_admin_log USING btree (user_id);


--
-- Name: django_session_expire_date_a5c62663; Type: INDEX; Schema: public; Owner: postgres
--

CREATE INDEX django_session_expire_date_a5c62663 ON public.django_session USING btree (expire_date);


--
-- Name: django_session_session_key_c0390e0f_like; Type: INDEX; Schema: public; Owner: postgres
--

CREATE INDEX django_session_session_key_c0390e0f_like ON public.django_session USING btree (session_key varchar_pattern_ops);


--
-- Name: accounts_user accounts_user_group_id_e004c65c_fk_adminpanel_group_id; Type: FK CONSTRAINT; Schema: public; Owner: postgres
--

ALTER TABLE ONLY public.accounts_user
    ADD CONSTRAINT accounts_user_group_id_e004c65c_fk_adminpanel_group_id FOREIGN KEY (group_id) REFERENCES public.adminpanel_group(id) DEFERRABLE INITIALLY DEFERRED;


--
-- Name: accounts_user_groups accounts_user_groups_group_id_bd11a704_fk_auth_group_id; Type: FK CONSTRAINT; Schema: public; Owner: postgres
--

ALTER TABLE ONLY public.accounts_user_groups
    ADD CONSTRAINT accounts_user_groups_group_id_bd11a704_fk_auth_group_id FOREIGN KEY (group_id) REFERENCES public.auth_group(id) DEFERRABLE INITIALLY DEFERRED;


--
-- Name: accounts_user_groups accounts_user_groups_user_id_52b62117_fk_accounts_user_id; Type: FK CONSTRAINT; Schema: public; Owner: postgres
--

ALTER TABLE ONLY public.accounts_user_groups
    ADD CONSTRAINT accounts_user_groups_user_id_52b62117_fk_accounts_user_id FOREIGN KEY (user_id) REFERENCES public.accounts_user(id) DEFERRABLE INITIALLY DEFERRED;


--
-- Name: accounts_user_user_permissions accounts_user_user_p_permission_id_113bb443_fk_auth_perm; Type: FK CONSTRAINT; Schema: public; Owner: postgres
--

ALTER TABLE ONLY public.accounts_user_user_permissions
    ADD CONSTRAINT accounts_user_user_p_permission_id_113bb443_fk_auth_perm FOREIGN KEY (permission_id) REFERENCES public.auth_permission(id) DEFERRABLE INITIALLY DEFERRED;


--
-- Name: accounts_user_user_permissions accounts_user_user_p_user_id_e4f0a161_fk_accounts_; Type: FK CONSTRAINT; Schema: public; Owner: postgres
--

ALTER TABLE ONLY public.accounts_user_user_permissions
    ADD CONSTRAINT accounts_user_user_p_user_id_e4f0a161_fk_accounts_ FOREIGN KEY (user_id) REFERENCES public.accounts_user(id) DEFERRABLE INITIALLY DEFERRED;


--
-- Name: adminpanel_teachingassignment adminpanel_teachinga_group_id_6f65d68a_fk_adminpane; Type: FK CONSTRAINT; Schema: public; Owner: postgres
--

ALTER TABLE ONLY public.adminpanel_teachingassignment
    ADD CONSTRAINT adminpanel_teachinga_group_id_6f65d68a_fk_adminpane FOREIGN KEY (group_id) REFERENCES public.adminpanel_group(id) DEFERRABLE INITIALLY DEFERRED;


--
-- Name: adminpanel_teachingassignment adminpanel_teachinga_subject_id_719312fe_fk_adminpane; Type: FK CONSTRAINT; Schema: public; Owner: postgres
--

ALTER TABLE ONLY public.adminpanel_teachingassignment
    ADD CONSTRAINT adminpanel_teachinga_subject_id_719312fe_fk_adminpane FOREIGN KEY (subject_id) REFERENCES public.adminpanel_subject(id) DEFERRABLE INITIALLY DEFERRED;


--
-- Name: adminpanel_teachingassignment adminpanel_teachinga_teacher_id_35314cc8_fk_accounts_; Type: FK CONSTRAINT; Schema: public; Owner: postgres
--

ALTER TABLE ONLY public.adminpanel_teachingassignment
    ADD CONSTRAINT adminpanel_teachinga_teacher_id_35314cc8_fk_accounts_ FOREIGN KEY (teacher_id) REFERENCES public.accounts_user(id) DEFERRABLE INITIALLY DEFERRED;


--
-- Name: attendances attendances_lesson_id_fkey; Type: FK CONSTRAINT; Schema: public; Owner: postgres
--

ALTER TABLE ONLY public.attendances
    ADD CONSTRAINT attendances_lesson_id_fkey FOREIGN KEY (lesson_id) REFERENCES public.lessons(id);


--
-- Name: attendances attendances_student_id_fkey; Type: FK CONSTRAINT; Schema: public; Owner: postgres
--

ALTER TABLE ONLY public.attendances
    ADD CONSTRAINT attendances_student_id_fkey FOREIGN KEY (student_id) REFERENCES public.users(id);


--
-- Name: auth_group_permissions auth_group_permissio_permission_id_84c5c92e_fk_auth_perm; Type: FK CONSTRAINT; Schema: public; Owner: postgres
--

ALTER TABLE ONLY public.auth_group_permissions
    ADD CONSTRAINT auth_group_permissio_permission_id_84c5c92e_fk_auth_perm FOREIGN KEY (permission_id) REFERENCES public.auth_permission(id) DEFERRABLE INITIALLY DEFERRED;


--
-- Name: auth_group_permissions auth_group_permissions_group_id_b120cbf9_fk_auth_group_id; Type: FK CONSTRAINT; Schema: public; Owner: postgres
--

ALTER TABLE ONLY public.auth_group_permissions
    ADD CONSTRAINT auth_group_permissions_group_id_b120cbf9_fk_auth_group_id FOREIGN KEY (group_id) REFERENCES public.auth_group(id) DEFERRABLE INITIALLY DEFERRED;


--
-- Name: auth_permission auth_permission_content_type_id_2f476e4b_fk_django_co; Type: FK CONSTRAINT; Schema: public; Owner: postgres
--

ALTER TABLE ONLY public.auth_permission
    ADD CONSTRAINT auth_permission_content_type_id_2f476e4b_fk_django_co FOREIGN KEY (content_type_id) REFERENCES public.django_content_type(id) DEFERRABLE INITIALLY DEFERRED;


--
-- Name: comments comments_author_id_fkey; Type: FK CONSTRAINT; Schema: public; Owner: postgres
--

ALTER TABLE ONLY public.comments
    ADD CONSTRAINT comments_author_id_fkey FOREIGN KEY (author_id) REFERENCES public.users(id);


--
-- Name: comments comments_lesson_id_fkey; Type: FK CONSTRAINT; Schema: public; Owner: postgres
--

ALTER TABLE ONLY public.comments
    ADD CONSTRAINT comments_lesson_id_fkey FOREIGN KEY (lesson_id) REFERENCES public.lessons(id);


--
-- Name: communication_channel_participants communication_channe_channel_id_5340873f_fk_communica; Type: FK CONSTRAINT; Schema: public; Owner: postgres
--

ALTER TABLE ONLY public.communication_channel_participants
    ADD CONSTRAINT communication_channe_channel_id_5340873f_fk_communica FOREIGN KEY (channel_id) REFERENCES public.communication_channel(id) DEFERRABLE INITIALLY DEFERRED;


--
-- Name: communication_channel_participants communication_channe_user_id_fc6d76d8_fk_accounts_; Type: FK CONSTRAINT; Schema: public; Owner: postgres
--

ALTER TABLE ONLY public.communication_channel_participants
    ADD CONSTRAINT communication_channe_user_id_fc6d76d8_fk_accounts_ FOREIGN KEY (user_id) REFERENCES public.accounts_user(id) DEFERRABLE INITIALLY DEFERRED;


--
-- Name: communication_message communication_messag_channel_id_8584c942_fk_communica; Type: FK CONSTRAINT; Schema: public; Owner: postgres
--

ALTER TABLE ONLY public.communication_message
    ADD CONSTRAINT communication_messag_channel_id_8584c942_fk_communica FOREIGN KEY (channel_id) REFERENCES public.communication_channel(id) DEFERRABLE INITIALLY DEFERRED;


--
-- Name: communication_message communication_message_sender_id_11380a9e_fk_accounts_user_id; Type: FK CONSTRAINT; Schema: public; Owner: postgres
--

ALTER TABLE ONLY public.communication_message
    ADD CONSTRAINT communication_message_sender_id_11380a9e_fk_accounts_user_id FOREIGN KEY (sender_id) REFERENCES public.accounts_user(id) DEFERRABLE INITIALLY DEFERRED;


--
-- Name: django_admin_log django_admin_log_content_type_id_c4bce8eb_fk_django_co; Type: FK CONSTRAINT; Schema: public; Owner: postgres
--

ALTER TABLE ONLY public.django_admin_log
    ADD CONSTRAINT django_admin_log_content_type_id_c4bce8eb_fk_django_co FOREIGN KEY (content_type_id) REFERENCES public.django_content_type(id) DEFERRABLE INITIALLY DEFERRED;


--
-- Name: django_admin_log django_admin_log_user_id_c564eba6_fk_accounts_user_id; Type: FK CONSTRAINT; Schema: public; Owner: postgres
--

ALTER TABLE ONLY public.django_admin_log
    ADD CONSTRAINT django_admin_log_user_id_c564eba6_fk_accounts_user_id FOREIGN KEY (user_id) REFERENCES public.accounts_user(id) DEFERRABLE INITIALLY DEFERRED;


--
-- Name: lessons lessons_teaching_assignment_id_fkey; Type: FK CONSTRAINT; Schema: public; Owner: postgres
--

ALTER TABLE ONLY public.lessons
    ADD CONSTRAINT lessons_teaching_assignment_id_fkey FOREIGN KEY (teaching_assignment_id) REFERENCES public.teaching_assignments(id);


--
-- Name: teaching_assignments teaching_assignments_group_id_fkey; Type: FK CONSTRAINT; Schema: public; Owner: postgres
--

ALTER TABLE ONLY public.teaching_assignments
    ADD CONSTRAINT teaching_assignments_group_id_fkey FOREIGN KEY (group_id) REFERENCES public.groups(id);


--
-- Name: teaching_assignments teaching_assignments_subject_id_fkey; Type: FK CONSTRAINT; Schema: public; Owner: postgres
--

ALTER TABLE ONLY public.teaching_assignments
    ADD CONSTRAINT teaching_assignments_subject_id_fkey FOREIGN KEY (subject_id) REFERENCES public.subjects(id);


--
-- Name: teaching_assignments teaching_assignments_teacher_id_fkey; Type: FK CONSTRAINT; Schema: public; Owner: postgres
--

ALTER TABLE ONLY public.teaching_assignments
    ADD CONSTRAINT teaching_assignments_teacher_id_fkey FOREIGN KEY (teacher_id) REFERENCES public.users(id);


--
-- Name: users users_group_id_fkey; Type: FK CONSTRAINT; Schema: public; Owner: postgres
--

ALTER TABLE ONLY public.users
    ADD CONSTRAINT users_group_id_fkey FOREIGN KEY (group_id) REFERENCES public.groups(id);


--
-- PostgreSQL database dump complete
--

